id,visibility,revision,artifact_class,priority,listed_files,tabular_or_jsonl_paths,license_declared,standalone_license_listed,configs_declared,dataset_info_declared,readiness,next_action,viewer_probe,row_or_split_validation,rights_clearance,url
SZLHOLDINGS/thesis-v18-formal-verification,PUBLIC,9a08e0c1fccf410b447769091ebeb26885942f3c,document_or_artifact_collection,P2_DOCUMENT_CONTRACT,134,0,apache-2.0,False,False,False,UNKNOWN_METADATA_ONLY,"Document exact schema/loader and source terms, distinguish samples/receipts from training data, and independently verify declared split/record counts.",NOT_RUN,NOT_RUN,NOT_ESTABLISHED,https://huggingface.co/datasets/SZLHOLDINGS/thesis-v18-formal-verification/tree/9a08e0c1fccf410b447769091ebeb26885942f3c
SZLHOLDINGS/uds-spans-receipts,PUBLIC,6573c9e3c9cf990e5975a3f19685a083bb962dd3,structured_data_or_receipt_manifest,P2_DOCUMENT_CONTRACT,47,3,apache-2.0,True,True,False,UNKNOWN_METADATA_ONLY,"Document exact schema/loader and source terms, distinguish samples/receipts from training data, and independently verify declared split/record counts.",NOT_RUN,NOT_RUN,NOT_ESTABLISHED,https://huggingface.co/datasets/SZLHOLDINGS/uds-spans-receipts/tree/6573c9e3c9cf990e5975a3f19685a083bb962dd3
SZLHOLDINGS/uds-governance-receipts,PUBLIC,b0f2631e8f3ade758acfcd70797096bdc0c5e922,structured_data_or_receipt_manifest,P2_DOCUMENT_CONTRACT,41,1,apache-2.0,True,True,False,UNKNOWN_METADATA_ONLY,"Document exact schema/loader and source terms, distinguish samples/receipts from training data, and independently verify declared split/record counts.",NOT_RUN,NOT_RUN,NOT_ESTABLISHED,https://huggingface.co/datasets/SZLHOLDINGS/uds-governance-receipts/tree/b0f2631e8f3ade758acfcd70797096bdc0c5e922
SZLHOLDINGS/SZLHOLDINGS,PUBLIC,7a6cce17710bf47b9e5a64e0b1be43d1276733ef,document_or_artifact_collection,P2_DOCUMENT_CONTRACT,7,0,apache-2.0,True,False,False,UNKNOWN_METADATA_ONLY,"Document exact schema/loader and source terms, distinguish samples/receipts from training data, and independently verify declared split/record counts.",NOT_RUN,NOT_RUN,NOT_ESTABLISHED,https://huggingface.co/datasets/SZLHOLDINGS/SZLHOLDINGS/tree/7a6cce17710bf47b9e5a64e0b1be43d1276733ef
SZLHOLDINGS/why-we-lead,PUBLIC,51df5c36889742255e9bee91b156cde58ff99bb3,document_or_artifact_collection,P2_DOCUMENT_CONTRACT,18,0,apache-2.0,True,False,False,UNKNOWN_METADATA_ONLY,"Document exact schema/loader and source terms, distinguish samples/receipts from training data, and independently verify declared split/record counts.",NOT_RUN,NOT_RUN,NOT_ESTABLISHED,https://huggingface.co/datasets/SZLHOLDINGS/why-we-lead/tree/51df5c36889742255e9bee91b156cde58ff99bb3
SZLHOLDINGS/ouroboros-arxiv-preprint,PUBLIC,704753d8a0328762deb127bddf88867df275bcbf,document_or_artifact_collection,P2_DOCUMENT_CONTRACT,8,0,apache-2.0,False,False,False,UNKNOWN_METADATA_ONLY,"Document exact schema/loader and source terms, distinguish samples/receipts from training data, and independently verify declared split/record counts.",NOT_RUN,NOT_RUN,NOT_ESTABLISHED,https://huggingface.co/datasets/SZLHOLDINGS/ouroboros-arxiv-preprint/tree/704753d8a0328762deb127bddf88867df275bcbf
SZLHOLDINGS/szl-artifacts,PUBLIC,5eae2cf9e5fed91075b438ea385fd9f3a5acf957,document_or_artifact_collection,P2_DOCUMENT_CONTRACT,107,0,apache-2.0,False,False,False,UNKNOWN_METADATA_ONLY,"Document exact schema/loader and source terms, distinguish samples/receipts from training data, and independently verify declared split/record counts.",NOT_RUN,NOT_RUN,NOT_ESTABLISHED,https://huggingface.co/datasets/SZLHOLDINGS/szl-artifacts/tree/5eae2cf9e5fed91075b438ea385fd9f3a5acf957
SZLHOLDINGS/lean-theorem-tree,PUBLIC,8283cc8b75a54142016c8ac7fac5695903a9e6ba,document_or_artifact_collection,P2_DOCUMENT_CONTRACT,4,0,apache-2.0,False,False,False,UNKNOWN_METADATA_ONLY,"Document exact schema/loader and source terms, distinguish samples/receipts from training data, and independently verify declared split/record counts.",NOT_RUN,NOT_RUN,NOT_ESTABLISHED,https://huggingface.co/datasets/SZLHOLDINGS/lean-theorem-tree/tree/8283cc8b75a54142016c8ac7fac5695903a9e6ba
SZLHOLDINGS/rag-corpus-v1,PUBLIC,49e49fb450446b622dda1781ded8a389d3b03499,structured_data_or_receipt_manifest,P2_DOCUMENT_CONTRACT,18,1,apache-2.0,False,True,False,UNKNOWN_METADATA_ONLY,"Document exact schema/loader and source terms, distinguish samples/receipts from training data, and independently verify declared split/record counts.",NOT_RUN,NOT_RUN,NOT_ESTABLISHED,https://huggingface.co/datasets/SZLHOLDINGS/rag-corpus-v1/tree/49e49fb450446b622dda1781ded8a389d3b03499
SZLHOLDINGS/lean-proofs-v1,PUBLIC,f877db13fd3b84d8304169c3cb27c71bd397ac64,document_or_artifact_collection,P1_PROOF_PROVENANCE_SHOWCASE,72,0,apache-2.0,True,True,False,UNKNOWN_METADATA_ONLY,"Verify exact immutable canonical lutar-lean source, Lean/toolchain receipt and axiom/sorry boundaries. Existing baseline stays 749/14/163 unless canonical source changes with receipt.",NOT_RUN,NOT_RUN,NOT_ESTABLISHED,https://huggingface.co/datasets/SZLHOLDINGS/lean-proofs-v1/tree/f877db13fd3b84d8304169c3cb27c71bd397ac64
SZLHOLDINGS/canonical-formulas-v1,PUBLIC,43ef814f40a30a6b8eccf341ec8625998f263559,document_or_artifact_collection,P0_MATH_SOFTWARE_SHOWCASE,14,0,apache-2.0,True,False,False,UNKNOWN_METADATA_ONLY,"Formula registry/software corpus; registry count differs from exact locked-proven set of 8. Lambda uniqueness remains Conjecture 1; verify proof/source mapping, do not infer new theorems.",NOT_RUN,NOT_RUN,NOT_ESTABLISHED,https://huggingface.co/datasets/SZLHOLDINGS/canonical-formulas-v1/tree/43ef814f40a30a6b8eccf341ec8625998f263559
SZLHOLDINGS/thesis-corpus-v18,PUBLIC,df7b1a4b7c2296bf0db8c7bbd5ceb12834d44cc6,structured_data_or_receipt_manifest,P2_DOCUMENT_CONTRACT,21,2,apache-2.0,True,True,False,UNKNOWN_METADATA_ONLY,"Document exact schema/loader and source terms, distinguish samples/receipts from training data, and independently verify declared split/record counts.",NOT_RUN,NOT_RUN,NOT_ESTABLISHED,https://huggingface.co/datasets/SZLHOLDINGS/thesis-corpus-v18/tree/df7b1a4b7c2296bf0db8c7bbd5ceb12834d44cc6
SZLHOLDINGS/doctrine-v10-v11,PUBLIC,fcad1433cfa18da7f9ffc6f62f29b3a165187eb7,document_or_artifact_collection,P2_DOCUMENT_CONTRACT,13,0,apache-2.0,True,False,False,UNKNOWN_METADATA_ONLY,"Document exact schema/loader and source terms, distinguish samples/receipts from training data, and independently verify declared split/record counts.",NOT_RUN,NOT_RUN,NOT_ESTABLISHED,https://huggingface.co/datasets/SZLHOLDINGS/doctrine-v10-v11/tree/fcad1433cfa18da7f9ffc6f62f29b3a165187eb7
SZLHOLDINGS/k-verify-benchmark-v1,PUBLIC,a5a46493b90f6dc2c9499cdf32e593ab71a8a387,structured_data_or_receipt_manifest,P2_DOCUMENT_CONTRACT,7,1,cc-by-4.0,False,True,False,UNKNOWN_METADATA_ONLY,"Document exact schema/loader and source terms, distinguish samples/receipts from training data, and independently verify declared split/record counts.",NOT_RUN,NOT_RUN,NOT_ESTABLISHED,https://huggingface.co/datasets/SZLHOLDINGS/k-verify-benchmark-v1/tree/a5a46493b90f6dc2c9499cdf32e593ab71a8a387
SZLHOLDINGS/uds-bundles-v1,PUBLIC,28c14086211944cfc2ceb6ece0f729153b545575,document_or_artifact_collection,P2_DOCUMENT_CONTRACT,97,0,apache-2.0,False,False,False,UNKNOWN_METADATA_ONLY,"Document exact schema/loader and source terms, distinguish samples/receipts from training data, and independently verify declared split/record counts.",NOT_RUN,NOT_RUN,NOT_ESTABLISHED,https://huggingface.co/datasets/SZLHOLDINGS/uds-bundles-v1/tree/28c14086211944cfc2ceb6ece0f729153b545575
SZLHOLDINGS/readiness-runs,PUBLIC,6e80dcc92ea4df5f8739eb7d9ad615c7e4a4e180,document_or_artifact_collection,P2_DOCUMENT_CONTRACT,286,0,apache-2.0,False,True,False,UNKNOWN_METADATA_ONLY,"Document exact schema/loader and source terms, distinguish samples/receipts from training data, and independently verify declared split/record counts.",NOT_RUN,NOT_RUN,NOT_ESTABLISHED,https://huggingface.co/datasets/SZLHOLDINGS/readiness-runs/tree/6e80dcc92ea4df5f8739eb7d9ad615c7e4a4e180
SZLHOLDINGS/szl-lake,PUBLIC,88f2702310b85995f8544b0380201ed269f69fd3,structured_data_or_receipt_manifest,P1_PROVENANCE_VIEWER_CONTRACT,431,13,cc-by-4.0,True,True,False,UNKNOWN_METADATA_ONLY,Viewer selects homogeneous khipu receipt Parquet; heterogeneous archive has separate schemas. Empty placeholders contribute zero observations; verify chain/row provenance independently.,NOT_RUN,NOT_RUN,NOT_ESTABLISHED,https://huggingface.co/datasets/SZLHOLDINGS/szl-lake/tree/88f2702310b85995f8544b0380201ed269f69fd3
SZLHOLDINGS/a11oy-verifiable-corpus,PUBLIC,34c097640744b2840bc23080861e310e74eb8b41,structured_data_or_receipt_manifest,P2_DOCUMENT_CONTRACT,44,36,apache-2.0,False,True,False,UNKNOWN_METADATA_ONLY,"Document exact schema/loader and source terms, distinguish samples/receipts from training data, and independently verify declared split/record counts.",NOT_RUN,NOT_RUN,NOT_ESTABLISHED,https://huggingface.co/datasets/SZLHOLDINGS/a11oy-verifiable-corpus/tree/34c097640744b2840bc23080861e310e74eb8b41
SZLHOLDINGS/killinchu-osint-corpus,PUBLIC,76f1c04c1f235577c0fb09c93c332e23b57334fc,structured_data_or_receipt_manifest,P1_RIGHTS_AND_PRIVACY_REVIEW,118,103,other,True,True,False,UNKNOWN_METADATA_ONLY,Declared license other; archive manifest is not blanket redistribution permission. Preserve source-specific terms/privacy review; do not train or republish indiscriminately.,NOT_RUN,NOT_RUN,NOT_ESTABLISHED,https://huggingface.co/datasets/SZLHOLDINGS/killinchu-osint-corpus/tree/76f1c04c1f235577c0fb09c93c332e23b57334fc
SZLHOLDINGS/governed-receipts-bench,PUBLIC,9e8a4921740f310d144012e27e3bb0cb34e733af,structured_data_or_receipt_manifest,P0_TAMPER_VERIFIER_SHOWCASE,11,1,apache-2.0,False,True,False,UNKNOWN_METADATA_ONLY,"Bounded fixture integrity benchmark; PASS is scoped per check, not factual truth, external signer identity or certification. Independently replay invalid fixtures and publish unchanged failures.",NOT_RUN,NOT_RUN,NOT_ESTABLISHED,https://huggingface.co/datasets/SZLHOLDINGS/governed-receipts-bench/tree/9e8a4921740f310d144012e27e3bb0cb34e733af
SZLHOLDINGS/energy-attested-runs,PUBLIC,b2c4946d9d002ba22aaa2fe7407904a81d8e0736,structured_data_or_receipt_manifest,P2_DOCUMENT_CONTRACT,6,1,apache-2.0,False,True,False,UNKNOWN_METADATA_ONLY,"Document exact schema/loader and source terms, distinguish samples/receipts from training data, and independently verify declared split/record counts.",NOT_RUN,NOT_RUN,NOT_ESTABLISHED,https://huggingface.co/datasets/SZLHOLDINGS/energy-attested-runs/tree/b2c4946d9d002ba22aaa2fe7407904a81d8e0736
SZLHOLDINGS/alloy-sovereign-eval-runs,PUBLIC,2a23619515d85d76b80fcc0ce6b0785ed1035f39,structured_data_or_receipt_manifest,P2_DOCUMENT_CONTRACT,5,1,apache-2.0,False,True,False,UNKNOWN_METADATA_ONLY,"Document exact schema/loader and source terms, distinguish samples/receipts from training data, and independently verify declared split/record counts.",NOT_RUN,NOT_RUN,NOT_ESTABLISHED,https://huggingface.co/datasets/SZLHOLDINGS/alloy-sovereign-eval-runs/tree/2a23619515d85d76b80fcc0ce6b0785ed1035f39
SZLHOLDINGS/szl-1-doctrine-sft,PUBLIC,63abf4ce8cf47793571a2dcbcfc3aa492fd30118,structured_data_or_receipt_manifest,P1_TRAINING_INPUT_GATE,4,1,apache-2.0,False,False,False,UNKNOWN_METADATA_ONLY,"Before trainability run canonical validate_sft_dataset and Nemo R1-R5; bind license, source, split hashes and evaluation exclusion. No validation run here.",NOT_RUN,NOT_RUN,NOT_ESTABLISHED,https://huggingface.co/datasets/SZLHOLDINGS/szl-1-doctrine-sft/tree/63abf4ce8cf47793571a2dcbcfc3aa492fd30118
SZLHOLDINGS/szl-second-brain-inrepo,PUBLIC,c9823ec107fc1fd4df6166c4ad0a37c776ee7e64,structured_data_or_receipt_manifest,P1_RIGHTS_AND_SOURCE_REVIEW,5,1,other,False,True,False,UNKNOWN_METADATA_ONLY,Public handle corpus with other license; no private graph access or training permission inferred. Inspect per-record source terms and public projection closure.,NOT_RUN,NOT_RUN,NOT_ESTABLISHED,https://huggingface.co/datasets/SZLHOLDINGS/szl-second-brain-inrepo/tree/c9823ec107fc1fd4df6166c4ad0a37c776ee7e64
SZLHOLDINGS/szl-quant-sft-v1,PUBLIC,840044aedc235774d5a653ee34fc0c2dd3430079,structured_data_or_receipt_manifest,P1_TRAINING_INPUT_GATE,10,1,apache-2.0,True,True,False,UNKNOWN_METADATA_ONLY,Before trainability run canonical SFT validator and Nemo R1-R5; bind source/rights and exclude all refusal/abstention held-out gate data. No validation run here.,NOT_RUN,NOT_RUN,NOT_ESTABLISHED,https://huggingface.co/datasets/SZLHOLDINGS/szl-quant-sft-v1/tree/840044aedc235774d5a653ee34fc0c2dd3430079
SZLHOLDINGS/test-results,PUBLIC,4d5de7b588460f56fc67437b11617c339a69d8c8,structured_data_or_receipt_manifest,P2_DOCUMENT_CONTRACT,15,1,apache-2.0,True,False,False,UNKNOWN_METADATA_ONLY,"Document exact schema/loader and source terms, distinguish samples/receipts from training data, and independently verify declared split/record counts.",NOT_RUN,NOT_RUN,NOT_ESTABLISHED,https://huggingface.co/datasets/SZLHOLDINGS/test-results/tree/4d5de7b588460f56fc67437b11617c339a69d8c8
SZLHOLDINGS/governed-agent-bench,PUBLIC,0d3ed66382686c1fea1b14e592a303f101a2a5c4,structured_data_or_receipt_manifest,P0_REFERENCE_CONFORMANCE_SHOWCASE,11,2,apache-2.0,True,False,False,UNKNOWN_METADATA_ONLY,"SAMPLE corpus/deterministic contract benchmark; not model quality. Pin manifest, cases, scorer, licensing and intentionally failing submissions.",NOT_RUN,NOT_RUN,NOT_ESTABLISHED,https://huggingface.co/datasets/SZLHOLDINGS/governed-agent-bench/tree/0d3ed66382686c1fea1b14e592a303f101a2a5c4
SZLHOLDINGS/receipted-unsloth,PUBLIC,8b1a3eb40a14dde35b7cb0b5c11e6c3006e6bcd9,document_or_artifact_collection,P2_DOCUMENT_CONTRACT,10,0,apache-2.0,False,False,False,UNKNOWN_METADATA_ONLY,"Document exact schema/loader and source terms, distinguish samples/receipts from training data, and independently verify declared split/record counts.",NOT_RUN,NOT_RUN,NOT_ESTABLISHED,https://huggingface.co/datasets/SZLHOLDINGS/receipted-unsloth/tree/8b1a3eb40a14dde35b7cb0b5c11e6c3006e6bcd9
SZLHOLDINGS/model-bom,PUBLIC,038f792855ae12225084c8d87181e4476b00fa55,structured_data_or_receipt_manifest,P2_DOCUMENT_CONTRACT,53,2,apache-2.0,True,False,False,UNKNOWN_METADATA_ONLY,"Document exact schema/loader and source terms, distinguish samples/receipts from training data, and independently verify declared split/record counts.",NOT_RUN,NOT_RUN,NOT_ESTABLISHED,https://huggingface.co/datasets/SZLHOLDINGS/model-bom/tree/038f792855ae12225084c8d87181e4476b00fa55
SZLHOLDINGS/szl-frontier-covenant,PUBLIC,8a2bb0a5de9db2db687391253243a86b7b1950bb,structured_data_or_receipt_manifest,P2_DOCUMENT_CONTRACT,11,3,apache-2.0,False,False,False,UNKNOWN_METADATA_ONLY,"Document exact schema/loader and source terms, distinguish samples/receipts from training data, and independently verify declared split/record counts.",NOT_RUN,NOT_RUN,NOT_ESTABLISHED,https://huggingface.co/datasets/SZLHOLDINGS/szl-frontier-covenant/tree/8a2bb0a5de9db2db687391253243a86b7b1950bb
SZLHOLDINGS/release-assets,PUBLIC,a6cabcef1c1a6d2304537f3d36e789b9fca890bd,document_or_artifact_collection,P2_DOCUMENT_CONTRACT,3,0,apache-2.0,True,False,False,UNKNOWN_METADATA_ONLY,"Document exact schema/loader and source terms, distinguish samples/receipts from training data, and independently verify declared split/record counts.",NOT_RUN,NOT_RUN,NOT_ESTABLISHED,https://huggingface.co/datasets/SZLHOLDINGS/release-assets/tree/a6cabcef1c1a6d2304537f3d36e789b9fca890bd
SZLHOLDINGS/szl-estate-graph,PUBLIC,71933bcd9346d97a36a9f4745e0e79703e224516,structured_data_or_receipt_manifest,P2_DOCUMENT_CONTRACT,11,2,apache-2.0,False,True,False,UNKNOWN_METADATA_ONLY,"Document exact schema/loader and source terms, distinguish samples/receipts from training data, and independently verify declared split/record counts.",NOT_RUN,NOT_RUN,NOT_ESTABLISHED,https://huggingface.co/datasets/SZLHOLDINGS/szl-estate-graph/tree/71933bcd9346d97a36a9f4745e0e79703e224516
SZLHOLDINGS/oac-clinical-transport-observability-synthetic,PUBLIC,f7ab6170bf78138b187b8cb707d374a25ad85375,structured_data_or_receipt_manifest,P1_SYNTHETIC_REPRODUCTION,9,3,apache-2.0,True,True,False,UNKNOWN_METADATA_ONLY,"Card declares 1,200 fixed-seed synthetic operational rows (768 train, 192 validation, 240 test). Inspect split hashes/schema and isolated reproduction; no medical use or real-world claim.",NOT_RUN,NOT_RUN,NOT_ESTABLISHED,https://huggingface.co/datasets/SZLHOLDINGS/oac-clinical-transport-observability-synthetic/tree/f7ab6170bf78138b187b8cb707d374a25ad85375
SZLHOLDINGS/szl-frontier-evaluation-receipts,PUBLIC,0a9e19eba1e35542c16aaf1b7194512344821b02,structured_data_or_receipt_manifest,P2_DOCUMENT_CONTRACT,68,2,apache-2.0,False,True,False,UNKNOWN_METADATA_ONLY,"Document exact schema/loader and source terms, distinguish samples/receipts from training data, and independently verify declared split/record counts.",NOT_RUN,NOT_RUN,NOT_ESTABLISHED,https://huggingface.co/datasets/SZLHOLDINGS/szl-frontier-evaluation-receipts/tree/0a9e19eba1e35542c16aaf1b7194512344821b02
SZLHOLDINGS/szl-marketing-factbase,PUBLIC,0274f3cb0941a67dc24f8b9030076d8327e07031,document_or_artifact_collection,P2_DOCUMENT_CONTRACT,3,0,apache-2.0,False,False,False,UNKNOWN_METADATA_ONLY,"Document exact schema/loader and source terms, distinguish samples/receipts from training data, and independently verify declared split/record counts.",NOT_RUN,NOT_RUN,NOT_ESTABLISHED,https://huggingface.co/datasets/SZLHOLDINGS/szl-marketing-factbase/tree/0274f3cb0941a67dc24f8b9030076d8327e07031
SZLHOLDINGS/szl-science-forum-corpus,PUBLIC,8859dae7c03a2fb60463d041e3f579393006b54f,structured_data_or_receipt_manifest,P1_SOURCE_TERMS_REVIEW,8,2,apache-2.0,False,True,False,UNKNOWN_METADATA_ONLY,"Research/forum discovery corpus is a candidate collection; each source needs citation/terms, dedup and human verification before scientific claims or training.",NOT_RUN,NOT_RUN,NOT_ESTABLISHED,https://huggingface.co/datasets/SZLHOLDINGS/szl-science-forum-corpus/tree/8859dae7c03a2fb60463d041e3f579393006b54f
SZLHOLDINGS/szl-second-brain-frontier-candidates,PUBLIC,ca899882a0e0a4c287c7c6bd245db4c359bbe19b,structured_data_or_receipt_manifest,P1_RIGHTS_AND_SOURCE_REVIEW,5,1,other,False,True,False,UNKNOWN_METADATA_ONLY,Public candidate handles with other license; candidates are not independently validated knowledge or private graph content. Inspect source provenance and publication boundary.,NOT_RUN,NOT_RUN,NOT_ESTABLISHED,https://huggingface.co/datasets/SZLHOLDINGS/szl-second-brain-frontier-candidates/tree/ca899882a0e0a4c287c7c6bd245db4c359bbe19b
