kind,id,owner,url,private,archived,category,status,license,revision,updated
GitHub,szl-holdings/platform,szl-holdings,https://github.com/szl-holdings/platform,False,False,TypeScript,Exact-head workflow failures observed,NOASSERTION,f2f8df6f89056e9104587674ccec0855dd5b177a,2026-10-06T01:05:57Z
GitHub,szl-holdings/.github,szl-holdings,https://github.com/szl-holdings/.github,False,False,HTML,Exact-head workflow failures observed,Apache-2.0,fc71ae973a0f31b8e9ee793fc8545a354448d451,2026-10-05T21:06:08Z
GitHub,szl-holdings/a11oy,szl-holdings,https://github.com/szl-holdings/a11oy,False,False,Python,Exact-head workflow failures observed,Apache-2.0,f4a1a45f153cf5a4c42f768e2dd2e089730358d8,2026-10-06T03:17:28Z
GitHub,szl-holdings/ouroboros,szl-holdings,https://github.com/szl-holdings/ouroboros,False,True,TypeScript,Exact-head runs unobserved in bounded history,Apache-2.0,0f030741f567bdf397d33c4d607790af6ed39688,2026-08-28T04:40:58Z
GitHub,szl-holdings/szl-cookbook,szl-holdings,https://github.com/szl-holdings/szl-cookbook,False,True,TypeScript,Exact-head runs unobserved in bounded history,Apache-2.0,5eb303b4d611c14906cbe455c5f2d27999e9c3a4,2026-08-31T01:32:26Z
GitHub,szl-holdings/szl-trust,szl-holdings,https://github.com/szl-holdings/szl-trust,False,False,Python,Observed exact-head runs successful; bounded history only,CC-BY-4.0,73e0a106ec8c49b206c2a0ff4810c16f30e65e19,2026-10-05T01:05:15Z
GitHub,szl-holdings/szl-brand,szl-holdings,https://github.com/szl-holdings/szl-brand,False,False,Python,Observed exact-head runs successful; bounded history only,CC-BY-4.0,89f9d520453571a32e8db56b0c75dff8ad38c352,2026-10-05T06:57:14Z
GitHub,szl-holdings/lutar-lean,szl-holdings,https://github.com/szl-holdings/lutar-lean,False,False,Lean,Observed exact-head runs successful; bounded history only,Apache-2.0,04f904ecd5683753a481ab2b1ded69ac01a7a661,2026-10-05T12:50:25Z
GitHub,szl-holdings/vsp-otel,szl-holdings,https://github.com/szl-holdings/vsp-otel,False,False,Python,Observed exact-head runs successful; bounded history only,Apache-2.0,ffd9cd9034044392e4fd650df3b64021d1b7173b,2026-10-05T13:12:52Z
GitHub,szl-holdings/szl-otel-mesh,szl-holdings,https://github.com/szl-holdings/szl-otel-mesh,False,True,Python,Exact-head runs unobserved in bounded history,Apache-2.0,172f52ecfc2cc7babac78bffde79517b38fcdb42,2026-07-17T15:11:02Z
GitHub,szl-holdings/szl-uds-deployment,szl-holdings,https://github.com/szl-holdings/szl-uds-deployment,False,True,Shell,Exact-head runs unobserved in bounded history,Apache-2.0,341b79deda9094898e018a6152bba0a9b7e003df,2026-07-01T22:05:30Z
GitHub,szl-holdings/killinchu,szl-holdings,https://github.com/szl-holdings/killinchu,False,False,Python,Observed exact-head runs successful; bounded history only,Apache-2.0,f49272a66d10ad7d20dccf4715f854a7ead27a53,2026-10-06T03:09:37Z
GitHub,szl-holdings/docs-site,szl-holdings,https://github.com/szl-holdings/docs-site,False,True,JavaScript,Exact-head runs unobserved in bounded history,Apache-2.0,83664f8b8924b36d3179bd94d133ca0815aaee91,2026-08-28T15:41:19Z
GitHub,szl-holdings/hatun-mcp,szl-holdings,https://github.com/szl-holdings/hatun-mcp,False,False,Python,Observed exact-head runs successful; bounded history only,Apache-2.0,5def5ba1eb033ff521ffbc946c8c0c1e0cbb8fa8,2026-10-05T13:15:52Z
GitHub,szl-holdings/uds-bundles,szl-holdings,https://github.com/szl-holdings/uds-bundles,False,False,Python,Observed exact-head runs successful; bounded history only,Apache-2.0,fd0599ea937a24e07f3f836a47b5ce95a006e227,2026-10-05T12:50:28Z
GitHub,szl-holdings/lean-kernel,szl-holdings,https://github.com/szl-holdings/lean-kernel,False,True,Python,Exact-head runs unobserved in bounded history,Apache-2.0,5be5d14502428e0ef13bb83f8d36f6775085b03e,2026-08-28T04:49:20Z
GitHub,szl-holdings/developers,szl-holdings,https://github.com/szl-holdings/developers,False,True,HTML,Exact-head runs unobserved in bounded history,Apache-2.0,dde99af0564c965edc6a253d4004734157460810,2026-07-29T23:07:25Z
GitHub,szl-holdings/khipu-consensus,szl-holdings,https://github.com/szl-holdings/khipu-consensus,False,False,Python,Observed exact-head runs successful; bounded history only,Apache-2.0,f4a5c2643776cd6322a60a0ed787229a57021fdc,2026-10-05T13:43:59Z
GitHub,szl-holdings/warhacker-demo,szl-holdings,https://github.com/szl-holdings/warhacker-demo,False,True,Shell,Exact-head runs unobserved in bounded history,Apache-2.0,0c68abbc41f9327fdf4ffad88a474bcc01eb8e6b,2026-07-21T03:28:30Z
GitHub,szl-holdings/szl-lake,szl-holdings,https://github.com/szl-holdings/szl-lake,False,False,Python,Observed exact-head runs successful; bounded history only,CC-BY-4.0,1b0a5b65d60afa7474c012f2d514f1f5a3e3160d,2026-10-06T01:17:37Z
GitHub,szl-holdings/szl-mesh,szl-holdings,https://github.com/szl-holdings/szl-mesh,False,False,Python,Observed exact-head runs successful; bounded history only,Apache-2.0,8cac1937e33d569763c9ba445a5bb5be70206cc5,2026-10-02T15:56:41Z
GitHub,szl-holdings/szl-fleet-overlay,szl-holdings,https://github.com/szl-holdings/szl-fleet-overlay,False,True,Python,Exact-head runs unobserved in bounded history,Apache-2.0,79ec6351daf9cf3acf3505a50d112ee8b0f06a13,2026-08-26T14:25:23Z
GitHub,szl-holdings/szl-papers,szl-holdings,https://github.com/szl-holdings/szl-papers,False,False,TeX,Observed exact-head runs successful; bounded history only,CC-BY-4.0,5f2f75f109bfdadfc167c00bab5808a7a76ac3e2,2026-10-01T20:40:35Z
GitHub,szl-holdings/szl-build-env,szl-holdings,https://github.com/szl-holdings/szl-build-env,False,False,Python,Observed exact-head runs successful; bounded history only,Apache-2.0,51dc21adb9566c2d3d96b8d1b6818f9152fe1b5b,2026-10-01T20:45:40Z
GitHub,szl-holdings/szl-doctrine,szl-holdings,https://github.com/szl-holdings/szl-doctrine,False,False,Python,Observed exact-head runs successful; bounded history only,Apache-2.0,ce4a3cf1fd3f3d693763224112986e8abc33fa20,2026-09-29T00:53:54Z
GitHub,szl-holdings/anatomy,szl-holdings,https://github.com/szl-holdings/anatomy,False,False,JavaScript,Exact-head workflow failures observed,Apache-2.0,498de11e19d2436611085c9fc6825dac05727295,2026-10-05T11:37:40Z
GitHub,szl-holdings/yarqa,szl-holdings,https://github.com/szl-holdings/yarqa,False,False,Python,Exact-head workflow failures observed,Apache-2.0,2da73f3278f8eda4144c3c166d343e27ba9cdf8f,2026-10-05T13:24:28Z
GitHub,szl-holdings/szl-router,szl-holdings,https://github.com/szl-holdings/szl-router,False,False,Python,Observed exact-head runs successful; bounded history only,Apache-2.0,8753357f7dcd34fedc0c0b4a031637300ceec651,2026-10-05T18:50:01Z
GitHub,szl-holdings/khipu-sda-core,szl-holdings,https://github.com/szl-holdings/khipu-sda-core,False,False,Python,Observed exact-head runs successful; bounded history only,Apache-2.0,f1bf7b815cb3c113edc2dedb02affcd6027ccae6,2026-09-28T13:14:49Z
GitHub,szl-holdings/szl-governed-norm,szl-holdings,https://github.com/szl-holdings/szl-governed-norm,False,True,Python,Exact-head runs unobserved in bounded history,Apache-2.0,c68d06d35058542ea77dc6bad4c8bde2361cc16a,2026-08-08T23:49:00Z
GitHub,szl-holdings/szl-lambda-gate,szl-holdings,https://github.com/szl-holdings/szl-lambda-gate,False,False,Python,Observed exact-head runs successful; bounded history only,Apache-2.0,474550f915ae0e65462a8d3ca5101dc876cc0e56,2026-10-05T12:50:37Z
GitHub,szl-holdings/szl-energy-attest,szl-holdings,https://github.com/szl-holdings/szl-energy-attest,False,False,Python,Observed exact-head runs successful; bounded history only,Apache-2.0,d304d1a87108c2c1624ee8af70380e27832ffdd8,2026-10-04T18:42:21Z
GitHub,szl-holdings/governed-inference-meter,szl-holdings,https://github.com/szl-holdings/governed-inference-meter,False,True,Python,Exact-head runs unobserved in bounded history,Apache-2.0,aee6466ecaaa1f311d42885f7927331e2f6508c8,2026-08-30T13:35:31Z
GitHub,szl-holdings/david-leads,szl-holdings,https://github.com/szl-holdings/david-leads,False,False,Python,Exact-head workflow failures observed,Apache-2.0,d854e79ef19aa602bc2390d470c42cb6dc337988,2026-10-05T13:09:42Z
GitHub,szl-holdings/szl-receipt,szl-holdings,https://github.com/szl-holdings/szl-receipt,False,False,Python,Observed exact-head runs successful; bounded history only,Apache-2.0,1467fcbd1ff57b955d588c73e64a541ebc16770f,2026-10-03T02:58:32Z
GitHub,szl-holdings/immune,szl-holdings,https://github.com/szl-holdings/immune,False,False,TypeScript,Exact-head workflow failures observed,Apache-2.0,c32b74c2f98668e907c62c8eb6eddd2dd41b5934,2026-10-05T13:20:51Z
GitHub,szl-holdings/szl-substrate,szl-holdings,https://github.com/szl-holdings/szl-substrate,False,False,Python,Observed exact-head runs successful; bounded history only,Apache-2.0,27ab80ae367e2bb12ace69119f41fab30fa90783,2026-10-05T13:27:41Z
GitHub,szl-holdings/szl-holdings.github.io,szl-holdings,https://github.com/szl-holdings/szl-holdings.github.io,False,False,HTML,Observed exact-head runs successful; bounded history only,Apache-2.0,7a2d2496c06cb8e52e76fe57a30151f562cd346c,2026-10-05T14:10:08Z
GitHub,szl-holdings/governed-receipt-spec,szl-holdings,https://github.com/szl-holdings/governed-receipt-spec,False,False,Python,Observed exact-head runs successful; bounded history only,Apache-2.0,09a30a2bc547cad0bcbeb1017e250438badd9727,2026-10-03T09:35:27Z
GitHub,szl-holdings/szl-guardrail-receipt,szl-holdings,https://github.com/szl-holdings/szl-guardrail-receipt,False,False,Python,Observed exact-head runs successful; bounded history only,Apache-2.0,e5431ad8ce97ffca2cf1fd1cf617c5f886d7ac77,2026-10-02T15:49:28Z
GitHub,szl-holdings/szl-formula-ledger,szl-holdings,https://github.com/szl-holdings/szl-formula-ledger,False,True,Python,Exact-head runs unobserved in bounded history,Apache-2.0,ceaef540eba6c5acf85091faf4a20cd9aef480f9,2026-07-22T03:31:12Z
GitHub,szl-holdings/szl-forge,szl-holdings,https://github.com/szl-holdings/szl-forge,False,False,Python,Exact-head workflow failures observed,Apache-2.0,f5c3615440b465c596bd9759ce4f9f3af9211bf6,2026-10-05T20:13:10Z
GitHub,szl-holdings/energy-attest-holo,szl-holdings,https://github.com/szl-holdings/energy-attest-holo,False,True,Python,Exact-head runs unobserved in bounded history,Apache-2.0,6851c00110b275d8207c8038ffc78886cdff55fb,2026-08-18T00:23:33Z
GitHub,szl-holdings/governed-norm-holo,szl-holdings,https://github.com/szl-holdings/governed-norm-holo,False,True,Python,Exact-head runs unobserved in bounded history,Apache-2.0,05b87ab4d00e2e0685664785a13eaaf46740f51d,2026-08-29T01:32:19Z
GitHub,szl-holdings/lambda-gate-holo,szl-holdings,https://github.com/szl-holdings/lambda-gate-holo,False,True,Python,Exact-head runs unobserved in bounded history,Apache-2.0,0303c8ae0d81b4912f01dc59a6a47d5447c32768,2026-08-29T00:08:48Z
GitHub,szl-holdings/receipt-chain-live,szl-holdings,https://github.com/szl-holdings/receipt-chain-live,False,True,Python,Exact-head runs unobserved in bounded history,Apache-2.0,787891967b412fd3211856ffc0b2e6e4bf6da205,2026-08-26T16:17:28Z
GitHub,szl-holdings/szl-provctl-live,szl-holdings,https://github.com/szl-holdings/szl-provctl-live,False,True,Python,Exact-head runs unobserved in bounded history,Apache-2.0,bf0903cdad0a78d06542fd5457db8d1daf82ea43,2026-08-18T00:23:15Z
GitHub,szl-holdings/szl-kernels-live,szl-holdings,https://github.com/szl-holdings/szl-kernels-live,False,True,Python,Exact-head runs unobserved in bounded history,Apache-2.0,6c48224a8e8a4ddd05b8e1e46b4948a61634ee66,2026-08-18T00:24:31Z
GitHub,szl-holdings/evidence-typed-formula-governance,szl-holdings,https://github.com/szl-holdings/evidence-typed-formula-governance,False,True,Unclassified,Exact-head runs unobserved in bounded history,Not detected by GitHub,775ee23b5d4cf6a0e238ac330ce4deb41fe89a7b,2026-07-21T03:28:34Z
GitHub,szl-holdings/fail-closed-governed-ai-services,szl-holdings,https://github.com/szl-holdings/fail-closed-governed-ai-services,False,True,Unclassified,Exact-head runs unobserved in bounded history,Not detected by GitHub,40d1b710ac89cecbeee21f97110c761f8b83b950,2026-07-21T03:28:38Z
GitHub,szl-holdings/szl-quant,szl-holdings,https://github.com/szl-holdings/szl-quant,False,False,JavaScript,Observed exact-head runs successful; bounded history only,Apache-2.0,9626ec549cbc1e3411bca7256e9c2a6190f739fe,2026-10-06T01:10:09Z
GitHub,szl-holdings/szl-telemetry,szl-holdings,https://github.com/szl-holdings/szl-telemetry,False,True,Python,Exact-head runs unobserved in bounded history,Apache-2.0,ef519c090c9e2c19852e8b5c774fc41c750d9ec5,2026-08-29T06:37:05Z
GitHub,szl-holdings/szl-quant-witness,szl-holdings,https://github.com/szl-holdings/szl-quant-witness,False,False,JavaScript,Observed exact-head runs successful; bounded history only,Apache-2.0,9edfc04ae9160794698de436f38f492a4da5098e,2026-10-06T02:37:38Z
GitHub,szl-holdings/a11oy-net,szl-holdings,https://github.com/szl-holdings/a11oy-net,False,False,HTML,Exact-head workflow failures observed,Apache-2.0,7c8a29c6b80d9a42ab610f8245633c1d1245ddd9,2026-10-05T07:01:18Z
GitHub,szl-holdings/szl-gpu-bridge,szl-holdings,https://github.com/szl-holdings/szl-gpu-bridge,False,False,Python,Observed exact-head runs successful; bounded history only,Apache-2.0,46caf53a4eda9ecaf12abc4cc9af3fcc5a5a6ee1,2026-10-05T14:57:49Z
GitHub,szl-holdings/evidence-doctrine,szl-holdings,https://github.com/szl-holdings/evidence-doctrine,False,False,TypeScript,Observed exact-head runs successful; bounded history only,Apache-2.0,d1578d7da8956bd700feee47919ad2cc8ec7b665,2026-10-05T12:52:56Z
GitHub,szl-holdings/sda,szl-holdings,https://github.com/szl-holdings/sda,False,False,CSS,Observed exact-head runs successful; bounded history only,Apache-2.0,4bca3a593af9c853293a74a743f5aea0f959c9f5,2026-10-01T01:48:23Z
GitHub,szl-holdings/szl-kernels,szl-holdings,https://github.com/szl-holdings/szl-kernels,False,False,TeX,Observed exact-head runs successful; bounded history only,Apache-2.0,a7cbbdff6aa28ba68541e99f11087f299a7b2464,2026-10-04T19:47:17Z
GitHub,szl-holdings/szl-receipt-attn,szl-holdings,https://github.com/szl-holdings/szl-receipt-attn,False,False,Python,Observed exact-head runs successful; bounded history only,Apache-2.0,f155fdeff7d118a5bad5ec1fe8a668415cbfb812,2026-10-02T00:28:36Z
GitHub,szl-holdings/szl-maskmod,szl-holdings,https://github.com/szl-holdings/szl-maskmod,False,False,Python,Observed exact-head runs successful; bounded history only,Apache-2.0,dd592e7c1bdd8e9da1052c46b6682d963f5e3ab4,2026-10-02T00:28:49Z
GitHub,szl-holdings/szl-block-kv,szl-holdings,https://github.com/szl-holdings/szl-block-kv,False,False,Python,Observed exact-head runs successful; bounded history only,Apache-2.0,4eb5ce5097de1690ba7c0735ad7e465e4a4e42eb,2026-10-03T15:57:18Z
GitHub,szl-holdings/szl-serve,szl-holdings,https://github.com/szl-holdings/szl-serve,False,False,Python,Observed exact-head runs successful; bounded history only,Apache-2.0,12d5a92959581a4139f1a2aa7d3885048ea76a83,2026-10-02T15:48:23Z
GitHub,szl-holdings/szl-govsign,szl-holdings,https://github.com/szl-holdings/szl-govsign,False,False,Python,Observed exact-head runs successful; bounded history only,Apache-2.0,30aa2c25f6dd643f9588aac3b819e2e4df5f9c87,2026-10-02T03:41:22Z
GitHub,szl-holdings/szl-blocked,szl-holdings,https://github.com/szl-holdings/szl-blocked,False,False,Python,Observed exact-head runs successful; bounded history only,Apache-2.0,51baeb0f884c97c26bc08750c50c9411d00a91c0,2026-10-02T03:44:29Z
GitHub,szl-holdings/szl-provctl,szl-holdings,https://github.com/szl-holdings/szl-provctl,False,False,Python,Observed exact-head runs successful; bounded history only,Apache-2.0,9090784fbab0a48c8d701dc2fdb4912d1d3cd8af,2026-10-02T00:28:31Z
GitHub,szl-holdings/szl-invariants,szl-holdings,https://github.com/szl-holdings/szl-invariants,False,False,Python,Observed exact-head runs successful; bounded history only,Apache-2.0,bab6d592e325d0d1aac7d8f0f73fbc33e8780aaf,2026-10-05T12:50:42Z
GitHub,szl-holdings/szl-ouroboros,szl-holdings,https://github.com/szl-holdings/szl-ouroboros,False,False,Python,Observed exact-head runs successful; bounded history only,Apache-2.0,9ae23a9d46bc526b7e665aade505c2eaedb66c75,2026-10-05T05:46:05Z
GitHub,szl-holdings/szl-formulas,szl-holdings,https://github.com/szl-holdings/szl-formulas,False,False,Python,Observed exact-head runs successful; bounded history only,Apache-2.0,fca9707947543e7c3f4431c86499a8ae1c7828fd,2026-10-05T02:13:43Z
GitHub,szl-holdings/YARQA-ATTN,szl-holdings,https://github.com/szl-holdings/YARQA-ATTN,False,False,Python,Observed exact-head runs successful; bounded history only,Apache-2.0,622f08e236a939b6a4aacd21ba007357ca276877,2026-10-05T05:12:27Z
GitHub,szl-holdings/szl-nemo,szl-holdings,https://github.com/szl-holdings/szl-nemo,False,False,Python,Observed exact-head runs successful; bounded history only,Apache-2.0,f7b33e1b1fe8f3b9b729a27567bcba375e2e0d6e,2026-10-03T05:33:28Z
GitHub,szl-holdings/szl-khipu,szl-holdings,https://github.com/szl-holdings/szl-khipu,False,False,Python,Observed exact-head runs successful; bounded history only,Apache-2.0,76b04ed65d4f0d045413741ce86b7d0ffea40998,2026-10-05T13:26:41Z
GitHub,szl-holdings/nexus,szl-holdings,https://github.com/szl-holdings/nexus,False,False,TypeScript,Observed exact-head runs successful; bounded history only,Apache-2.0,c993af91740249825615be1c58a21af1f302ea2b,2026-10-06T01:20:32Z
GitHub,szl-holdings/szl-organ-integrity,szl-holdings,https://github.com/szl-holdings/szl-organ-integrity,False,True,HTML,Exact-head runs unobserved in bounded history,Apache-2.0,029403510ae69048df3b35571ace836b7d2c6ada,2026-08-29T03:11:59Z
GitHub,szl-holdings/szl-atelier,szl-holdings,https://github.com/szl-holdings/szl-atelier,False,False,Python,Observed exact-head runs successful; bounded history only,Apache-2.0,3b0191a7fe99a6f417c0bba80e282176c90a3f5f,2026-10-05T12:50:51Z
GitHub,szl-holdings/ayllu,szl-holdings,https://github.com/szl-holdings/ayllu,False,False,Python,Observed exact-head runs successful; bounded history only,Apache-2.0,463afdf8653742f24aded09a329f67efba4faea4,2026-10-05T12:50:57Z
GitHub,szl-holdings/szl-experiments,szl-holdings,https://github.com/szl-holdings/szl-experiments,False,True,Python,Exact-head runs unobserved in bounded history,Apache-2.0,2d2980ce7f0063b5692fe2b46163dee6df2831e1,2026-08-29T16:16:52Z
GitHub,szl-holdings/counsel,szl-holdings,https://github.com/szl-holdings/counsel,False,True,Python,Exact-head runs unobserved in bounded history,Not detected by GitHub,f2c3e3ccf053dd94bc2b4c5a3ba82544a4a5240f,2026-08-29T16:57:45Z
GitHub,szl-holdings/szl-sovereign-os,szl-holdings,https://github.com/szl-holdings/szl-sovereign-os,False,False,Python,Observed exact-head runs successful; bounded history only,Apache-2.0,6131aa5d7be353d456676b108d3ec587372f742a,2026-10-02T15:48:17Z
GitHub,szl-holdings/szl-real-estate,szl-holdings,https://github.com/szl-holdings/szl-real-estate,False,False,Python,Observed exact-head runs successful; bounded history only,Apache-2.0,072478b8ae46180933cc69336a6825d3be9a5dd7,2026-10-02T15:48:37Z
GitHub,szl-holdings/khipu-lab,szl-holdings,https://github.com/szl-holdings/khipu-lab,False,True,TypeScript,Exact-head runs unobserved in bounded history,Apache-2.0,d0a3a20bdbc7ad240626454355a078bb91b03fdd,2026-08-29T17:20:40Z
GitHub,szl-holdings/a11oy-factory,szl-holdings,https://github.com/szl-holdings/a11oy-factory,False,False,TypeScript,Observed exact-head runs successful; bounded history only,Apache-2.0,b19cc11834e2e2d418d0710f0c93b4629aa2a350,2026-10-05T14:10:06Z
GitHub,szl-holdings/szl-second-brain,szl-holdings,https://github.com/szl-holdings/szl-second-brain,False,False,Python,Observed exact-head runs successful; bounded history only,Apache-2.0,daa2c939f0548754e62d10b278b4d6073dc082a7,2026-10-06T03:06:51Z
GitHub,szl-holdings/puriq-live,szl-holdings,https://github.com/szl-holdings/puriq-live,False,False,Python,Observed exact-head runs successful; bounded history only,Apache-2.0,2809f84acc002fced84df6809af0a1e9eee50f97,2026-10-05T13:17:12Z
GitHub,szl-holdings/szl-command-lab,szl-holdings,https://github.com/szl-holdings/szl-command-lab,False,False,TypeScript,Observed exact-head runs successful; bounded history only,Apache-2.0,54716b32f9515c99e15f3b677618a919202216e5,2026-10-05T13:36:33Z
GitHub,szl-holdings/cosmos,szl-holdings,https://github.com/szl-holdings/cosmos,False,True,JavaScript,Exact-head runs unobserved in bounded history,Not detected by GitHub,af6ff5ec87e25ee057271312823d40dd4f433c20,2026-08-29T16:15:45Z
GitHub,szl-holdings/immune-lattice,szl-holdings,https://github.com/szl-holdings/immune-lattice,False,True,TypeScript,Exact-head runs unobserved in bounded history,NOASSERTION,bcee352e584feab4bac16f4f1677a799effc1e50,2026-08-29T16:49:22Z
GitHub,szl-holdings/khipu-pages,szl-holdings,https://github.com/szl-holdings/khipu-pages,False,True,HTML,Exact-head runs unobserved in bounded history,Not detected by GitHub,f56e5327b61c548f656ee7c88f539e8c5228525d,2026-08-29T16:08:16Z
GitHub,szl-holdings/szl-drift,szl-holdings,https://github.com/szl-holdings/szl-drift,False,False,Python,Observed exact-head runs successful; bounded history only,Apache-2.0,6898bfadb206c82599f5164d16a025c9f8c9951f,2026-10-01T01:47:44Z
GitHub,szl-holdings/lyte-services,szl-holdings,https://github.com/szl-holdings/lyte-services,False,False,Python,Observed exact-head runs successful; bounded history only,Apache-2.0,32bc68119cb376af895f1443e4750c284dc91d27,2026-10-05T12:51:02Z
GitHub,szl-holdings/evidence-studio,szl-holdings,https://github.com/szl-holdings/evidence-studio,False,False,Python,Observed exact-head runs successful; bounded history only,Apache-2.0,84153b3150753352b118eff18c19fc064bf1bafb,2026-10-03T03:50:44Z
GitHub,szl-holdings/szl-frontier,szl-holdings,https://github.com/szl-holdings/szl-frontier,False,False,JavaScript,Observed exact-head runs successful; bounded history only,Apache-2.0,47d1bdaf9a3e344833177072beae80a963ce6e7d,2026-10-05T13:26:46Z
GitHub,szl-holdings/lyte-lattice,szl-holdings,https://github.com/szl-holdings/lyte-lattice,False,False,TypeScript,Exact-head workflow failures observed,Apache-2.0,0d66f873cd1be784c405842f898684334de8c713,2026-10-05T14:19:45Z
GitHub,szl-holdings/holographic-unify,szl-holdings,https://github.com/szl-holdings/holographic-unify,False,False,TypeScript,Observed exact-head runs successful; bounded history only,Apache-2.0,cf3925ab1c9b78fccf5780d2098eea0864afb33b,2026-10-05T13:08:37Z
GitHub,szl-holdings/governance-as-code,szl-holdings,https://github.com/szl-holdings/governance-as-code,False,False,Python,Observed exact-head runs successful; bounded history only,Apache-2.0,5d7d69f62517129e77d4077269ffd6d3e852bf8b,2026-10-01T19:50:21Z
GitHub,szl-holdings/szl-gov,szl-holdings,https://github.com/szl-holdings/szl-gov,False,False,Python,Observed exact-head runs successful; bounded history only,Apache-2.0,4c963a40784eb7c3df84ce39f699948799220d06,2026-10-01T01:48:10Z
GitHub,szl-holdings/szl-platform,szl-holdings,https://github.com/szl-holdings/szl-platform,False,False,Python,Observed exact-head runs successful; bounded history only,Apache-2.0,853096d6501a23df7431c5049102ac38f105826c,2026-10-05T13:27:55Z
GitHub,szl-holdings/khipu-x1,szl-holdings,https://github.com/szl-holdings/khipu-x1,False,False,Python,Observed exact-head runs successful; bounded history only,Apache-2.0,4e8e485c57ec3d0f853085024866a31863b86f38,2026-10-02T15:50:31Z
GitHub,szl-holdings/szl-evidence-litellm,szl-holdings,https://github.com/szl-holdings/szl-evidence-litellm,False,False,Python,Observed exact-head runs successful; bounded history only,Apache-2.0,faac1f852656efe3d03c7d1b4e65185a61efb3c9,2026-10-02T15:49:41Z
GitHub,szl-holdings/szl-calibration,szl-holdings,https://github.com/szl-holdings/szl-calibration,False,False,Python,Observed exact-head runs successful; bounded history only,Apache-2.0,7a27411f7d0a97bca978432129fc95c17379c7b0,2026-10-03T05:27:53Z
GitHub,szl-holdings/vertical-services,szl-holdings,https://github.com/szl-holdings/vertical-services,False,False,Python,Observed exact-head runs successful; bounded history only,Apache-2.0,3906c6692a75c37bbf3d7221097d7c92c939544b,2026-10-05T14:28:00Z
GitHub,szl-holdings/retrieval-bench,szl-holdings,https://github.com/szl-holdings/retrieval-bench,False,False,Python,Observed exact-head runs successful; bounded history only,Apache-2.0,115e08baf7285967e0beecb1d4a38a8cb6cef380,2026-10-05T13:27:47Z
GitHub,szl-holdings/frontier-bench,szl-holdings,https://github.com/szl-holdings/frontier-bench,False,False,Python,Exact-head workflow failures observed,Apache-2.0,63806d20a6c573984c1406bb2941a1f920b15524,2026-10-05T14:27:53Z
GitHub,szl-holdings/szl-retrieval-bench,szl-holdings,https://github.com/szl-holdings/szl-retrieval-bench,False,False,Python,Observed exact-head runs successful; bounded history only,Apache-2.0,20bcdec06182a990ee34108ec1af28d3197c8766,2026-10-02T15:48:30Z
GitHub,szl-holdings/szl-engine-bench,szl-holdings,https://github.com/szl-holdings/szl-engine-bench,False,False,Python,Observed exact-head runs successful; bounded history only,Apache-2.0,0854b5a8cb12ba94494557bd88b946d32fbebc4b,2026-10-02T15:49:47Z
GitHub,szl-holdings/szl-quant-bench,szl-holdings,https://github.com/szl-holdings/szl-quant-bench,False,False,Python,Observed exact-head runs successful; bounded history only,Apache-2.0,321a524fbd3b85fdcd2dfa4584c2d95624e0dc07,2026-10-02T15:48:43Z
GitHub,szl-holdings/quant-curve,szl-holdings,https://github.com/szl-holdings/quant-curve,False,False,Python,Observed exact-head runs successful; bounded history only,Apache-2.0,11e74dbe77377c3b161f7e8b3924e4db9bdecbc8,2026-10-06T01:20:45Z
GitHub,szl-holdings/szl-wave1-report,szl-holdings,https://github.com/szl-holdings/szl-wave1-report,False,False,Python,Observed exact-head runs successful; bounded history only,Apache-2.0,fd1fe1d188ec8dcf07e8badcc5173deceafbd07f,2026-10-02T15:47:58Z
GitHub,szl-holdings/szl-constellation,szl-holdings,https://github.com/szl-holdings/szl-constellation,False,False,Python,Observed exact-head runs successful; bounded history only,Apache-2.0,e7a3b9ebbb3725e2e40193354a83af5b0a1cad75,2026-10-04T17:18:20Z
GitHub,szl-holdings/szl-runbook-catalog,szl-holdings,https://github.com/szl-holdings/szl-runbook-catalog,False,False,Python,Observed exact-head runs successful; bounded history only,Apache-2.0,3adabe6ab65ecef1eac9acb3a3b35c99546dcb25,2026-10-01T01:47:50Z
GitHub,szl-holdings/szl-crosscheck,szl-holdings,https://github.com/szl-holdings/szl-crosscheck,False,False,Python,Observed exact-head runs successful; bounded history only,Apache-2.0,65bebc1192cb94bc75d956bcb1e75fc5107cf60a,2026-10-02T15:50:09Z
GitHub,szl-holdings/szl-eclipse,szl-holdings,https://github.com/szl-holdings/szl-eclipse,False,False,Python,Observed exact-head runs successful; bounded history only,Apache-2.0,31457f06aaf850377fa03a72e6788650221a78e9,2026-10-02T15:50:02Z
GitHub,szl-holdings/szl-vertical-forge,szl-holdings,https://github.com/szl-holdings/szl-vertical-forge,False,False,Python,Observed exact-head runs successful; bounded history only,Apache-2.0,67a3cf2d6281035af237a6f97486069a345d496b,2026-10-05T14:21:32Z
GitHub,szl-holdings/szl-ci-witness,szl-holdings,https://github.com/szl-holdings/szl-ci-witness,False,False,Python,Observed exact-head runs successful; bounded history only,Apache-2.0,53c1eb661c6deea61ee60bb10f057ecb8904d394,2026-10-02T15:50:16Z
GitHub,szl-holdings/szl-pin,szl-holdings,https://github.com/szl-holdings/szl-pin,False,False,Python,Observed exact-head runs successful; bounded history only,Apache-2.0,62b861774dabfb66beb7475168554b6490b95928,2026-10-05T13:27:58Z
GitHub,szl-holdings/the-grid,szl-holdings,https://github.com/szl-holdings/the-grid,False,False,Python,Exact-head workflow failures observed,Apache-2.0,725ef9039a463f9f3a04bf68f5f8f15c79221192,2026-10-04T19:51:54Z
GitHub,szl-holdings/ayllu-hf-space,szl-holdings,https://github.com/szl-holdings/ayllu-hf-space,False,False,Python,Observed exact-head runs successful; bounded history only,Apache-2.0,9a10de6335416184a1ebf65b263c7517cde9c279,2026-10-01T01:48:16Z
GitHub,szl-holdings/szl-typesafe-triage,szl-holdings,https://github.com/szl-holdings/szl-typesafe-triage,False,False,Python,Exact-head workflow failures observed,Apache-2.0,e19330fb4806fbe1615d647c0ab09886fef91c90,2026-10-05T20:12:03Z
GitHub,szl-holdings/szl-seismic-review,szl-holdings,https://github.com/szl-holdings/szl-seismic-review,False,False,CSS,Observed exact-head runs successful; bounded history only,Apache-2.0,8a6a414aadc61f4cbf31ecadc91bb25451158c7a,2026-10-05T14:06:44Z
GitHub,szl-holdings/szl-evidence-mandate,szl-holdings,https://github.com/szl-holdings/szl-evidence-mandate,False,False,Python,Observed exact-head runs successful; bounded history only,Apache-2.0,f014bf0399e362ac94c6d3f9a05f7f2b54ea85d9,2026-10-03T01:59:57Z
GitHub,szl-holdings/szl-skills,szl-holdings,https://github.com/szl-holdings/szl-skills,False,False,Python,Observed exact-head runs successful; bounded history only,Apache-2.0,b8e259c43f01190a306657c2fe2cde61abb5e801,2026-10-05T15:08:49Z
GitHub,szl-holdings/szl-openshell-receipts,szl-holdings,https://github.com/szl-holdings/szl-openshell-receipts,False,False,Python,Observed exact-head runs successful; bounded history only,Apache-2.0,1faea30c9417ebf66967831e56c95325041645e1,2026-10-02T15:49:01Z
GitHub,szl-holdings/a-11-oy.github.io,szl-holdings,https://github.com/szl-holdings/a-11-oy.github.io,False,True,JavaScript,Exact-head runs unobserved in bounded history,Not detected by GitHub,683acd11d6ef47c49b8099c0cd5c63c489b19f5e,2026-09-30T20:33:17Z
GitHub,szl-holdings/ci-witness-action,szl-holdings,https://github.com/szl-holdings/ci-witness-action,False,False,Python,Observed exact-head runs successful; bounded history only,Apache-2.0,d9a55b2ebc240addfe83a8ce6832cf06afc8ce4e,2026-10-05T01:59:38Z
GitHub,szl-holdings/registry-mirror,szl-holdings,https://github.com/szl-holdings/registry-mirror,False,False,Python,Exact-head workflow failures observed,Apache-2.0,cf266cf2b73f5549bc3445c58883a5159f3c1b8b,2026-10-05T03:59:55Z
GitHub,szl-holdings/szlholdings.com,szl-holdings,https://github.com/szl-holdings/szlholdings.com,False,False,Python,Exact-head workflow failures observed,Not detected by GitHub,5c65b7368a707eadf1e1e696e7925081ae0fa622,2026-10-01T20:45:13Z
GitHub,szl-holdings/szl-evidence-core,szl-holdings,https://github.com/szl-holdings/szl-evidence-core,False,False,Python,Observed exact-head runs successful; bounded history only,NOASSERTION,dbfa08f545f7b70fd487ea1f721232f23592e4c6,2026-10-02T02:48:31Z
GitHub,szl-holdings/szl-science-forum-corpus,szl-holdings,https://github.com/szl-holdings/szl-science-forum-corpus,False,False,Python,Observed exact-head runs successful; bounded history only,Apache-2.0,edf05833d34b9cb84383bb8cf7b86b0f9b48f1dc,2026-10-05T18:49:05Z
GitHub,szl-holdings/szl-microscopy-pilot,szl-holdings,https://github.com/szl-holdings/szl-microscopy-pilot,False,False,Python,Exact-head workflow failures observed,MIT,1540f22426cac49970caf803dc8fa2069e9b0e5a,2026-10-05T19:20:06Z
HF Model,SZLHOLDINGS/szl-kernels,SZLHOLDINGS,https://huggingface.co/SZLHOLDINGS/szl-kernels,False,False,Kernel / software,Artifact observed; quality unverified,apache-2.0,72df0342e34a1f198dd9c428cca072e9b1389ccd,2026-10-03 04:44:01+00:00
HF Model,SZLHOLDINGS/a11oy-v19-substrate,SZLHOLDINGS,https://huggingface.co/SZLHOLDINGS/a11oy-v19-substrate,False,False,Other artifact / documentation,Artifact observed; quality unverified,apache-2.0,af49867fe6b657fa1480822b590c43a061484204,2026-10-04 21:42:35+00:00
HF Model,SZLHOLDINGS/szl-governed-norm,SZLHOLDINGS,https://huggingface.co/SZLHOLDINGS/szl-governed-norm,False,False,Kernel / software,Artifact observed; quality unverified,apache-2.0,5abbd073ff159385be1f4e51c9fee4613cf52513,2026-09-29 02:08:18+00:00
HF Model,SZLHOLDINGS/szl-lambda-gate,SZLHOLDINGS,https://huggingface.co/SZLHOLDINGS/szl-lambda-gate,False,False,Kernel / software,Artifact observed; quality unverified,apache-2.0,f0c518b22f488e9f008deed27765c9fced32001e,2026-10-02 23:30:28+00:00
HF Model,SZLHOLDINGS/governed-inference-meter,SZLHOLDINGS,https://huggingface.co/SZLHOLDINGS/governed-inference-meter,False,False,Kernel / software,Artifact observed; quality unverified,apache-2.0,5049f8ec259a5356d5b8eeaf11b85d3e9c1fea74,2026-09-24 12:32:01+00:00
HF Model,SZLHOLDINGS/szl-blocked,SZLHOLDINGS,https://huggingface.co/SZLHOLDINGS/szl-blocked,False,False,Kernel / software,Artifact observed; quality unverified,apache-2.0,911a87be9e1889eac81c24dda8eb4c3f55b9440e,2026-10-04 18:31:15+00:00
HF Model,SZLHOLDINGS/szl-govsign,SZLHOLDINGS,https://huggingface.co/SZLHOLDINGS/szl-govsign,False,False,Kernel / software,Artifact observed; quality unverified,apache-2.0,db2c14ef08ee20edfd5aada53ac2b11e02583107,2026-10-04 18:32:10+00:00
HF Model,SZLHOLDINGS/szl-provctl,SZLHOLDINGS,https://huggingface.co/SZLHOLDINGS/szl-provctl,False,False,Kernel / software,Artifact observed; quality unverified,apache-2.0,3e1f9d3c67940b1ef2db2efe44c6acf1653ff264,2026-10-04 18:33:21+00:00
HF Model,SZLHOLDINGS/szl-nemo,SZLHOLDINGS,https://huggingface.co/SZLHOLDINGS/szl-nemo,False,False,Other artifact / documentation,Artifact observed; quality unverified,apache-2.0,7cda7232c2b9ffafece4084afeffb4e23b0c9ea2,2026-10-04 18:34:13+00:00
HF Model,SZLHOLDINGS/szl-invariants,SZLHOLDINGS,https://huggingface.co/SZLHOLDINGS/szl-invariants,False,False,Kernel / software,Artifact observed; quality unverified,apache-2.0,7897123905a17539fc421bd5bffead93d7ad7748,2026-10-04 18:32:34+00:00
HF Model,SZLHOLDINGS/szl-ouroboros,SZLHOLDINGS,https://huggingface.co/SZLHOLDINGS/szl-ouroboros,False,False,Kernel / software,Artifact observed; quality unverified,apache-2.0,8c868cbf5689eb0cfecb6c670a3efa6ed6cc03cd,2026-10-04 18:33:01+00:00
HF Model,SZLHOLDINGS/szl-formulas,SZLHOLDINGS,https://huggingface.co/SZLHOLDINGS/szl-formulas,False,False,Kernel / software,Artifact observed; quality unverified,apache-2.0,2363023fee676d20480ff015ea8687a0313e42dc,2026-10-05 02:16:32+00:00
HF Model,SZLHOLDINGS/SZL-Forge-1.5B-ReceiptAgent,SZLHOLDINGS,https://huggingface.co/SZLHOLDINGS/SZL-Forge-1.5B-ReceiptAgent,False,False,Tensor / GGUF artifact,Artifact observed; quality unverified,apache-2.0,61caf06da54c49d6e729c8d5190455c6f64f4d76,2026-10-04 18:14:08+00:00
HF Model,SZLHOLDINGS/SZL-Khipu-1.5B,SZLHOLDINGS,https://huggingface.co/SZLHOLDINGS/SZL-Khipu-1.5B,False,False,Tensor / GGUF artifact,Declared promotion blocked,apache-2.0,01b5c04df24976021c4753f9a9417817ba9e2e67,2026-10-04 18:30:58+00:00
HF Model,SZLHOLDINGS/SZL-Khipu-1.5B-GGUF,SZLHOLDINGS,https://huggingface.co/SZLHOLDINGS/SZL-Khipu-1.5B-GGUF,False,False,Tensor / GGUF artifact,Artifact observed; quality unverified,apache-2.0,06e163faa5603f5975823f549054a5c237ea22a5,2026-10-04 18:33:46+00:00
HF Model,SZLHOLDINGS/szl-receiptagent-qwen35-0.8b-v2,SZLHOLDINGS,https://huggingface.co/SZLHOLDINGS/szl-receiptagent-qwen35-0.8b-v2,False,False,Tensor / GGUF artifact,Artifact observed; quality unverified,apache-2.0,c33974670a858d3bac7d7de373d1916948ed4678,2026-10-04 18:35:21+00:00
HF Model,SZLHOLDINGS/KHIPU-R2,SZLHOLDINGS,https://huggingface.co/SZLHOLDINGS/KHIPU-R2,False,False,Tensor / GGUF artifact,Declared promotion blocked,apache-2.0,01b8025d3ac1f37586dcb19b2fe51bda12ce10ee,2026-10-04 18:30:56+00:00
HF Model,SZLHOLDINGS/WILLAY,SZLHOLDINGS,https://huggingface.co/SZLHOLDINGS/WILLAY,False,False,Tensor / GGUF artifact,Artifact observed; quality unverified,apache-2.0,96a0ac5c5c26e89f732b72d747b3577e1ea5236f,2026-10-03 07:11:26+00:00
HF Model,SZLHOLDINGS/YARQA-ATTN,SZLHOLDINGS,https://huggingface.co/SZLHOLDINGS/YARQA-ATTN,False,False,Kernel / software,Artifact observed; quality unverified,apache-2.0,d6aeb4f24655c07acc155eed7acade5ad249724f,2026-09-24 21:57:34+00:00
HF Model,SZLHOLDINGS/A11OY-MINI,SZLHOLDINGS,https://huggingface.co/SZLHOLDINGS/A11OY-MINI,False,False,Tensor / GGUF artifact,Declared promotion blocked,apache-2.0,7ea56236ea7988b3915b5ef07548cb2c3930a3cf,2026-09-29 02:23:33+00:00
HF Model,SZLHOLDINGS/chaski,SZLHOLDINGS,https://huggingface.co/SZLHOLDINGS/chaski,False,False,Tensor / GGUF artifact,Declared promotion blocked,apache-2.0,f4c8ca259d836a176367af7d91f297bf7c9af80d,2026-10-04 18:31:04+00:00
HF Model,SZLHOLDINGS/szl-receipt-attn,SZLHOLDINGS,https://huggingface.co/SZLHOLDINGS/szl-receipt-attn,False,False,Kernel / software,Artifact observed; quality unverified,apache-2.0,e1383537e2dd74316a07fcbb683352af62dd24b0,2026-09-24 21:57:24+00:00
HF Model,SZLHOLDINGS/szl-maskmod,SZLHOLDINGS,https://huggingface.co/SZLHOLDINGS/szl-maskmod,False,False,Kernel / software,Artifact observed; quality unverified,apache-2.0,654a01aaaf86d06471f019cf2f84305703ccc260,2026-09-24 21:57:29+00:00
HF Model,SZLHOLDINGS/szl-block-kv,SZLHOLDINGS,https://huggingface.co/SZLHOLDINGS/szl-block-kv,False,False,Kernel / software,Artifact observed; quality unverified,apache-2.0,b5e86e4038e630eda94e3bd83cee1c5729d6d826,2026-09-24 21:57:27+00:00
HF Model,SZLHOLDINGS/SZL-Khipu-1.5B-abstain,SZLHOLDINGS,https://huggingface.co/SZLHOLDINGS/SZL-Khipu-1.5B-abstain,False,False,Tensor / GGUF artifact,Declared promotion blocked,apache-2.0,942c02dd4e94f2cb7cfb0432a051c2db2219ee79,2026-09-28 17:01:40+00:00
HF Model,SZLHOLDINGS/chaski-5050,SZLHOLDINGS,https://huggingface.co/SZLHOLDINGS/chaski-5050,False,False,Tensor / GGUF artifact,Declared promotion blocked,apache-2.0,ba600d45a4da4bc90964e48d54d3250226fd7352,2026-10-04 18:31:32+00:00
HF Model,SZLHOLDINGS/chaski-r2,SZLHOLDINGS,https://huggingface.co/SZLHOLDINGS/chaski-r2,False,False,Tensor / GGUF artifact,Declared promotion blocked,apache-2.0,fc01424edc95a64a9e3decfd442213975c0f8ae3,2026-10-04 18:32:02+00:00
HF Model,SZLHOLDINGS/szl-training-scripts,SZLHOLDINGS,https://huggingface.co/SZLHOLDINGS/szl-training-scripts,False,False,Training recipe,Declared promotion blocked,apache-2.0,923bc096c1e9f93daece720315c078ef5020fe68,2026-09-28 17:01:58+00:00
HF Model,SZLHOLDINGS/szl-khipu,SZLHOLDINGS,https://huggingface.co/SZLHOLDINGS/szl-khipu,False,False,Numeric archive / fixture,Artifact observed; quality unverified,apache-2.0,1ed850322480d9a4d75e7471cee784fe25681b43,2026-10-05 13:26:18+00:00
HF Model,SZLHOLDINGS/TinyKhipu-Nano,SZLHOLDINGS,https://huggingface.co/SZLHOLDINGS/TinyKhipu-Nano,False,False,Numeric archive / fixture,Artifact observed; quality unverified,apache-2.0,93156d4d77064791c30f1eb0af98564409f7bbab,2026-10-05 13:26:14+00:00
HF Model,SZLHOLDINGS/ReceiptAgent-Nano,SZLHOLDINGS,https://huggingface.co/SZLHOLDINGS/ReceiptAgent-Nano,False,False,Numeric archive / fixture,Artifact observed; quality unverified,apache-2.0,56618124f426bb08ca0a95c28248d18ad934f94a,2026-10-05 13:26:15+00:00
HF Model,SZLHOLDINGS/szl-khipu-kernels,SZLHOLDINGS,https://huggingface.co/SZLHOLDINGS/szl-khipu-kernels,False,False,Kernel / software,Artifact observed; quality unverified,apache-2.0,6abf9917281f388c530e43e8f3314547399bba25,2026-10-04 18:07:40+00:00
HF Model,SZLHOLDINGS/Moons-Nano,SZLHOLDINGS,https://huggingface.co/SZLHOLDINGS/Moons-Nano,False,False,Numeric archive / fixture,Artifact observed; quality unverified,apache-2.0,4186a5233d07d5ce9bdefef0da1a2cbcff153da8,2026-10-04 18:07:39+00:00
HF Model,SZLHOLDINGS/MiniEmbed-Nano,SZLHOLDINGS,https://huggingface.co/SZLHOLDINGS/MiniEmbed-Nano,False,False,Numeric archive / fixture,Artifact observed; quality unverified,apache-2.0,2a5992c4db8a2dc177891247211aff6cc3d524e6,2026-10-04 18:07:40+00:00
HF Model,SZLHOLDINGS/brain-navigator-r2,SZLHOLDINGS,https://huggingface.co/SZLHOLDINGS/brain-navigator-r2,False,False,Tensor / GGUF artifact,Artifact observed; quality unverified,apache-2.0,8f7d67af9c2f8315dc3a63afa9ebf23a3f60ca01,2026-09-30 23:42:01+00:00
HF Model,SZLHOLDINGS/szl-receiptagent-qwen35-0.8b-v3,SZLHOLDINGS,https://huggingface.co/SZLHOLDINGS/szl-receiptagent-qwen35-0.8b-v3,False,False,Tensor / GGUF artifact,Declared promotion blocked,apache-2.0,d674c37cae7127021ba36820ea7a6774cec06255,2026-10-03 03:12:41+00:00
HF Model,SZLHOLDINGS/khipu-r3,SZLHOLDINGS,https://huggingface.co/SZLHOLDINGS/khipu-r3,False,False,Tensor / GGUF artifact,Artifact observed; quality unverified,apache-2.0,7e388efb6e332c8c28e94bdf266293baf437fb64,2026-09-30 23:42:00+00:00
HF Model,SZLHOLDINGS/szl-energy-attest,SZLHOLDINGS,https://huggingface.co/SZLHOLDINGS/szl-energy-attest,False,False,Other artifact / documentation,Artifact observed; quality unverified,apache-2.0,9146d35730139f8b7797dc40b4d5be5547387f1b,2026-09-23 13:43:42+00:00
HF Model,SZLHOLDINGS/oac-clinical-transport-health-v1,SZLHOLDINGS,https://huggingface.co/SZLHOLDINGS/oac-clinical-transport-health-v1,False,False,Other artifact / documentation,Artifact observed; quality unverified,apache-2.0,8a6cd25ed8121af4e99118cd874bb89f50cff981,2026-09-24 12:26:32+00:00
HF Model,SZLHOLDINGS/oac-system-health-v1,SZLHOLDINGS,https://huggingface.co/SZLHOLDINGS/oac-system-health-v1,False,False,Other artifact / documentation,Artifact observed; quality unverified,apache-2.0,dd7d109813abcd90c5250106dc2eabd2804e7ac3,2026-09-24 12:58:43+00:00
HF Model,SZLHOLDINGS/szl-receiptagent-qwen35-0.8b-v2-merged,SZLHOLDINGS,https://huggingface.co/SZLHOLDINGS/szl-receiptagent-qwen35-0.8b-v2-merged,False,False,Tensor / GGUF artifact,Declared promotion blocked,apache-2.0,0ef9ed208b66c258e1d11e9112f0721c3b5c7565,2026-09-28 17:01:56+00:00
HF Model,SZLHOLDINGS/szl-triage-qwen3.5-0.8b-lora,SZLHOLDINGS,https://huggingface.co/SZLHOLDINGS/szl-triage-qwen3.5-0.8b-lora,False,False,Tensor / GGUF artifact,Artifact observed; quality unverified,apache-2.0,d1b3d6e7b1cff8767b74371f5b9562e5c4a7c0d5,2026-10-03 02:20:56+00:00
HF Model,SZLHOLDINGS/szl-triage-qwen3.5-0.8b-lora-study5,SZLHOLDINGS,https://huggingface.co/SZLHOLDINGS/szl-triage-qwen3.5-0.8b-lora-study5,False,False,Tensor / GGUF artifact,Artifact observed; quality unverified,apache-2.0,369cb20624ee63447c9b5bce1f031f772985f8d0,2026-10-05 21:53:22+00:00
HF Model,SZLHOLDINGS/szl-triage-linear-development-v1,SZLHOLDINGS,https://huggingface.co/SZLHOLDINGS/szl-triage-linear-development-v1,False,False,Other artifact / documentation,Artifact observed; quality unverified,apache-2.0,b6ec192000d38e6a29787410f8bc077266b62a22,2026-09-30 03:13:08+00:00
HF Model,SZLHOLDINGS/chaski-r4,SZLHOLDINGS,https://huggingface.co/SZLHOLDINGS/chaski-r4,False,False,Tensor / GGUF artifact,Declared promotion blocked,apache-2.0,d313f70a47d575fa3a45e9cf3b065c0e34a379ef,2026-10-04 18:32:31+00:00
HF Model,SZLHOLDINGS/szl-triage-retrain,SZLHOLDINGS,https://huggingface.co/SZLHOLDINGS/szl-triage-retrain,False,False,Training recipe,Artifact observed; quality unverified,apache-2.0,c078b86bafd81ddf055c3af775ed8b43398164c5,2026-10-01 23:59:21+00:00
HF Model,SZLHOLDINGS/szl-receiptagent-qwen35-0.8b-v3-authenticated,SZLHOLDINGS,https://huggingface.co/SZLHOLDINGS/szl-receiptagent-qwen35-0.8b-v3-authenticated,False,False,Repository scaffold,DECLARED public repository scaffold; no model artifact observed,Metadata unavailable,af86a187f507a5423f5236c7cf77cf48ca67d077,2026-10-03 00:12:14+00:00
HF Dataset,SZLHOLDINGS/thesis-v18-formal-verification,SZLHOLDINGS,https://huggingface.co/datasets/SZLHOLDINGS/thesis-v18-formal-verification,False,False,Dataset repository,Artifact observed; quality unverified,apache-2.0,9a08e0c1fccf410b447769091ebeb26885942f3c,2026-09-28 17:02:00+00:00
HF Dataset,SZLHOLDINGS/uds-spans-receipts,SZLHOLDINGS,https://huggingface.co/datasets/SZLHOLDINGS/uds-spans-receipts,False,False,Dataset repository,Artifact observed; quality unverified,apache-2.0,6573c9e3c9cf990e5975a3f19685a083bb962dd3,2026-09-28 17:02:02+00:00
HF Dataset,SZLHOLDINGS/uds-governance-receipts,SZLHOLDINGS,https://huggingface.co/datasets/SZLHOLDINGS/uds-governance-receipts,False,False,Dataset repository,Artifact observed; quality unverified,apache-2.0,b0f2631e8f3ade758acfcd70797096bdc0c5e922,2026-09-28 17:02:01+00:00
HF Dataset,SZLHOLDINGS/SZLHOLDINGS,SZLHOLDINGS,https://huggingface.co/datasets/SZLHOLDINGS/SZLHOLDINGS,False,False,Dataset repository,Artifact observed; quality unverified,apache-2.0,7a6cce17710bf47b9e5a64e0b1be43d1276733ef,2026-09-29 02:24:04+00:00
HF Dataset,SZLHOLDINGS/why-we-lead,SZLHOLDINGS,https://huggingface.co/datasets/SZLHOLDINGS/why-we-lead,False,False,Dataset repository,Artifact observed; quality unverified,apache-2.0,51df5c36889742255e9bee91b156cde58ff99bb3,2026-08-31 03:42:11+00:00
HF Dataset,SZLHOLDINGS/ouroboros-arxiv-preprint,SZLHOLDINGS,https://huggingface.co/datasets/SZLHOLDINGS/ouroboros-arxiv-preprint,False,False,Dataset repository,Artifact observed; quality unverified,apache-2.0,704753d8a0328762deb127bddf88867df275bcbf,2026-09-28 17:01:50+00:00
HF Dataset,SZLHOLDINGS/szl-artifacts,SZLHOLDINGS,https://huggingface.co/datasets/SZLHOLDINGS/szl-artifacts,False,False,Dataset repository,Artifact observed; quality unverified,apache-2.0,5eae2cf9e5fed91075b438ea385fd9f3a5acf957,2026-09-28 17:01:54+00:00
HF Dataset,SZLHOLDINGS/lean-theorem-tree,SZLHOLDINGS,https://huggingface.co/datasets/SZLHOLDINGS/lean-theorem-tree,False,False,Dataset repository,Artifact observed; quality unverified,apache-2.0,8283cc8b75a54142016c8ac7fac5695903a9e6ba,2026-09-28 17:01:49+00:00
HF Dataset,SZLHOLDINGS/rag-corpus-v1,SZLHOLDINGS,https://huggingface.co/datasets/SZLHOLDINGS/rag-corpus-v1,False,False,Dataset repository,Artifact observed; quality unverified,apache-2.0,49e49fb450446b622dda1781ded8a389d3b03499,2026-09-28 17:01:51+00:00
HF Dataset,SZLHOLDINGS/lean-proofs-v1,SZLHOLDINGS,https://huggingface.co/datasets/SZLHOLDINGS/lean-proofs-v1,False,False,Dataset repository,Artifact observed; quality unverified,apache-2.0,f877db13fd3b84d8304169c3cb27c71bd397ac64,2026-09-28 17:01:48+00:00
HF Dataset,SZLHOLDINGS/canonical-formulas-v1,SZLHOLDINGS,https://huggingface.co/datasets/SZLHOLDINGS/canonical-formulas-v1,False,False,Dataset repository,Artifact observed; quality unverified,apache-2.0,43ef814f40a30a6b8eccf341ec8625998f263559,2026-10-02 02:18:31+00:00
HF Dataset,SZLHOLDINGS/thesis-corpus-v18,SZLHOLDINGS,https://huggingface.co/datasets/SZLHOLDINGS/thesis-corpus-v18,False,False,Dataset repository,Artifact observed; quality unverified,apache-2.0,df7b1a4b7c2296bf0db8c7bbd5ceb12834d44cc6,2026-10-02 02:18:33+00:00
HF Dataset,SZLHOLDINGS/doctrine-v10-v11,SZLHOLDINGS,https://huggingface.co/datasets/SZLHOLDINGS/doctrine-v10-v11,False,False,Dataset repository,Artifact observed; quality unverified,apache-2.0,fcad1433cfa18da7f9ffc6f62f29b3a165187eb7,2026-10-02 02:18:35+00:00
HF Dataset,SZLHOLDINGS/k-verify-benchmark-v1,SZLHOLDINGS,https://huggingface.co/datasets/SZLHOLDINGS/k-verify-benchmark-v1,False,False,Dataset repository,Artifact observed; quality unverified,cc-by-4.0,a5a46493b90f6dc2c9499cdf32e593ab71a8a387,2026-09-28 17:01:48+00:00
HF Dataset,SZLHOLDINGS/uds-bundles-v1,SZLHOLDINGS,https://huggingface.co/datasets/SZLHOLDINGS/uds-bundles-v1,False,False,Dataset repository,Artifact observed; quality unverified,apache-2.0,28c14086211944cfc2ceb6ece0f729153b545575,2026-09-28 17:02:01+00:00
HF Dataset,SZLHOLDINGS/readiness-runs,SZLHOLDINGS,https://huggingface.co/datasets/SZLHOLDINGS/readiness-runs,False,False,Dataset repository,Artifact observed; quality unverified,apache-2.0,6e80dcc92ea4df5f8739eb7d9ad615c7e4a4e180,2026-10-01 01:55:53+00:00
HF Dataset,SZLHOLDINGS/szl-lake,SZLHOLDINGS,https://huggingface.co/datasets/SZLHOLDINGS/szl-lake,False,False,Dataset repository,Artifact observed; quality unverified,cc-by-4.0,88f2702310b85995f8544b0380201ed269f69fd3,2026-10-04 18:17:42+00:00
HF Dataset,SZLHOLDINGS/a11oy-verifiable-corpus,SZLHOLDINGS,https://huggingface.co/datasets/SZLHOLDINGS/a11oy-verifiable-corpus,False,False,Dataset repository,Artifact observed; quality unverified,apache-2.0,34c097640744b2840bc23080861e310e74eb8b41,2026-09-29 08:52:50+00:00
HF Dataset,SZLHOLDINGS/killinchu-osint-corpus,SZLHOLDINGS,https://huggingface.co/datasets/SZLHOLDINGS/killinchu-osint-corpus,False,False,Dataset repository,Artifact observed; quality unverified,other,ca637c6d88af2425fb136da302d8ce42a6b1ec85,2026-10-06 03:17:21+00:00
HF Dataset,SZLHOLDINGS/governed-receipts-bench,SZLHOLDINGS,https://huggingface.co/datasets/SZLHOLDINGS/governed-receipts-bench,False,False,Dataset repository,Artifact observed; quality unverified,apache-2.0,9e8a4921740f310d144012e27e3bb0cb34e733af,2026-09-28 17:01:47+00:00
HF Dataset,SZLHOLDINGS/energy-attested-runs,SZLHOLDINGS,https://huggingface.co/datasets/SZLHOLDINGS/energy-attested-runs,False,False,Dataset repository,Artifact observed; quality unverified,apache-2.0,b2c4946d9d002ba22aaa2fe7407904a81d8e0736,2026-09-28 17:01:46+00:00
HF Dataset,SZLHOLDINGS/alloy-sovereign-eval-runs,SZLHOLDINGS,https://huggingface.co/datasets/SZLHOLDINGS/alloy-sovereign-eval-runs,False,False,Dataset repository,Artifact observed; quality unverified,apache-2.0,2a23619515d85d76b80fcc0ce6b0785ed1035f39,2026-09-28 17:01:41+00:00
HF Dataset,SZLHOLDINGS/szl-1-doctrine-sft,SZLHOLDINGS,https://huggingface.co/datasets/SZLHOLDINGS/szl-1-doctrine-sft,False,False,Dataset repository,Artifact observed; quality unverified,apache-2.0,63abf4ce8cf47793571a2dcbcfc3aa492fd30118,2026-09-28 17:01:54+00:00
HF Dataset,SZLHOLDINGS/szl-second-brain-inrepo,SZLHOLDINGS,https://huggingface.co/datasets/SZLHOLDINGS/szl-second-brain-inrepo,False,False,Dataset repository,Artifact observed; quality unverified,other,c9823ec107fc1fd4df6166c4ad0a37c776ee7e64,2026-09-28 17:01:57+00:00
HF Dataset,SZLHOLDINGS/szl-quant-sft-v1,SZLHOLDINGS,https://huggingface.co/datasets/SZLHOLDINGS/szl-quant-sft-v1,False,False,Dataset repository,Artifact observed; quality unverified,apache-2.0,840044aedc235774d5a653ee34fc0c2dd3430079,2026-09-28 17:01:56+00:00
HF Dataset,SZLHOLDINGS/test-results,SZLHOLDINGS,https://huggingface.co/datasets/SZLHOLDINGS/test-results,False,False,Dataset repository,Artifact observed; quality unverified,apache-2.0,4d5de7b588460f56fc67437b11617c339a69d8c8,2026-09-28 17:01:58+00:00
HF Dataset,SZLHOLDINGS/governed-agent-bench,SZLHOLDINGS,https://huggingface.co/datasets/SZLHOLDINGS/governed-agent-bench,False,False,Dataset repository,Artifact observed; quality unverified,apache-2.0,0d3ed66382686c1fea1b14e592a303f101a2a5c4,2026-09-28 17:01:46+00:00
HF Dataset,SZLHOLDINGS/receipted-unsloth,SZLHOLDINGS,https://huggingface.co/datasets/SZLHOLDINGS/receipted-unsloth,False,False,Dataset repository,Artifact observed; quality unverified,apache-2.0,8b1a3eb40a14dde35b7cb0b5c11e6c3006e6bcd9,2026-09-28 17:01:52+00:00
HF Dataset,SZLHOLDINGS/model-bom,SZLHOLDINGS,https://huggingface.co/datasets/SZLHOLDINGS/model-bom,False,False,Dataset repository,Artifact observed; quality unverified,apache-2.0,038f792855ae12225084c8d87181e4476b00fa55,2026-09-28 17:01:49+00:00
HF Dataset,SZLHOLDINGS/szl-frontier-covenant,SZLHOLDINGS,https://huggingface.co/datasets/SZLHOLDINGS/szl-frontier-covenant,False,False,Dataset repository,Artifact observed; quality unverified,apache-2.0,8a2bb0a5de9db2db687391253243a86b7b1950bb,2026-10-04 18:17:35+00:00
HF Dataset,SZLHOLDINGS/release-assets,SZLHOLDINGS,https://huggingface.co/datasets/SZLHOLDINGS/release-assets,False,False,Dataset repository,Artifact observed; quality unverified,apache-2.0,a6cabcef1c1a6d2304537f3d36e789b9fca890bd,2026-09-28 17:01:52+00:00
HF Dataset,SZLHOLDINGS/szl-estate-graph,SZLHOLDINGS,https://huggingface.co/datasets/SZLHOLDINGS/szl-estate-graph,False,False,Dataset repository,Artifact observed; quality unverified,apache-2.0,71933bcd9346d97a36a9f4745e0e79703e224516,2026-09-28 17:01:54+00:00
HF Dataset,SZLHOLDINGS/oac-clinical-transport-observability-synthetic,SZLHOLDINGS,https://huggingface.co/datasets/SZLHOLDINGS/oac-clinical-transport-observability-synthetic,False,False,Dataset repository,Artifact observed; quality unverified,apache-2.0,f7ab6170bf78138b187b8cb707d374a25ad85375,2026-09-24 12:58:24+00:00
HF Dataset,SZLHOLDINGS/szl-frontier-evaluation-receipts,SZLHOLDINGS,https://huggingface.co/datasets/SZLHOLDINGS/szl-frontier-evaluation-receipts,False,False,Dataset repository,Artifact observed; quality unverified,apache-2.0,0a9e19eba1e35542c16aaf1b7194512344821b02,2026-10-04 20:49:53+00:00
HF Dataset,SZLHOLDINGS/szl-marketing-factbase,SZLHOLDINGS,https://huggingface.co/datasets/SZLHOLDINGS/szl-marketing-factbase,False,False,Dataset repository,Artifact observed; quality unverified,apache-2.0,0274f3cb0941a67dc24f8b9030076d8327e07031,2026-09-30 19:46:02+00:00
HF Dataset,SZLHOLDINGS/szl-science-forum-corpus,SZLHOLDINGS,https://huggingface.co/datasets/SZLHOLDINGS/szl-science-forum-corpus,False,False,Dataset repository,Artifact observed; quality unverified,apache-2.0,8859dae7c03a2fb60463d041e3f579393006b54f,2026-10-04 23:24:38+00:00
HF Dataset,SZLHOLDINGS/szl-second-brain-frontier-candidates,SZLHOLDINGS,https://huggingface.co/datasets/SZLHOLDINGS/szl-second-brain-frontier-candidates,False,False,Dataset repository,Artifact observed; quality unverified,other,ca899882a0e0a4c287c7c6bd245db4c359bbe19b,2026-10-03 10:37:01+00:00
HF Space,SZLHOLDINGS/a11oy,SZLHOLDINGS,https://huggingface.co/spaces/SZLHOLDINGS/a11oy,False,False,docker,PAUSED,apache-2.0,cc9214315db74cd2fe9f546ae777186093e1a9eb,2026-10-04 16:30:38+00:00
HF Space,SZLHOLDINGS/README,SZLHOLDINGS,https://huggingface.co/spaces/SZLHOLDINGS/README,False,False,Organization profile card (static Space),DECLARED provider stage RUNNING; product runtime not probed,apache-2.0,7cd34c6cbfb4594561ee30e2d7b272add875ce1e,2026-10-05 08:46:34+00:00
HF Space,SZLHOLDINGS/killinchu,SZLHOLDINGS,https://huggingface.co/spaces/SZLHOLDINGS/killinchu,False,False,docker,RUNNING,apache-2.0,cd4064c57eb9e18704e7889362a0a4dd3ca283d7,2026-10-06 03:10:18+00:00
HF Space,SZLHOLDINGS/counsel,SZLHOLDINGS,https://huggingface.co/spaces/SZLHOLDINGS/counsel,False,False,docker,RUNNING,apache-2.0,8b94ff05aac5f86624ec0070ac972c0ec55154e8,2026-10-02 23:16:00+00:00
HF Space,SZLHOLDINGS/terra,SZLHOLDINGS,https://huggingface.co/spaces/SZLHOLDINGS/terra,False,False,docker,RUNNING,apache-2.0,f1f2133e8d82991304195b2dbc5cdb3c27698e3b,2026-10-02 23:15:56+00:00
HF Space,SZLHOLDINGS/sentra,SZLHOLDINGS,https://huggingface.co/spaces/SZLHOLDINGS/sentra,False,False,docker,RUNNING,apache-2.0,3addf6d6a346e1b36947960e9b770adb6dff29dc,2026-10-03 13:07:03+00:00
HF Space,SZLHOLDINGS/finance,SZLHOLDINGS,https://huggingface.co/spaces/SZLHOLDINGS/finance,False,False,docker,RUNNING,apache-2.0,00231a42f0598c002666cb1f49f612ca380550c3,2026-10-04 16:04:44+00:00
HF Space,SZLHOLDINGS/lyte,SZLHOLDINGS,https://huggingface.co/spaces/SZLHOLDINGS/lyte,False,False,docker,RUNNING,apache-2.0,23be6e83f7252f1951a0580693c1a9261073306e,2026-09-29 21:57:34+00:00
HF Space,SZLHOLDINGS/vertical-services,SZLHOLDINGS,https://huggingface.co/spaces/SZLHOLDINGS/vertical-services,False,False,docker,RUNNING,apache-2.0,04ea1240aa8638c8cd25fe8995f31233542ceb91,2026-10-05 14:30:10+00:00
HF Space,SZLHOLDINGS/szl-command-lab,SZLHOLDINGS,https://huggingface.co/spaces/SZLHOLDINGS/szl-command-lab,False,False,docker,RUNNING,apache-2.0,836b3113b1d21a8bca07bc65f72358cab240f223,2026-10-05 13:29:26+00:00
HF Space,SZLHOLDINGS/david-leads,SZLHOLDINGS,https://huggingface.co/spaces/SZLHOLDINGS/david-leads,False,False,docker,RUNNING,apache-2.0,ff88b150edf819030f7afadf44ebf8880be74d8a,2026-10-05 13:09:28+00:00
HF Space,SZLHOLDINGS/szl-constellation,SZLHOLDINGS,https://huggingface.co/spaces/SZLHOLDINGS/szl-constellation,False,False,gradio,RUNNING,apache-2.0,db7ad3ae2ba3f9d4da6dc44863f5947e57a2044e,2026-10-04 17:18:58+00:00
HF Space,SZLHOLDINGS/szl-frontier,SZLHOLDINGS,https://huggingface.co/spaces/SZLHOLDINGS/szl-frontier,False,False,docker,RUNNING,apache-2.0,617d5e1b09fd2dea690da022ac1bc4134eb15032,2026-10-05 13:26:34+00:00
HF Space,SZLHOLDINGS/szl-model-inference-lab,SZLHOLDINGS,https://huggingface.co/spaces/SZLHOLDINGS/szl-model-inference-lab,False,False,docker,RUNNING,apache-2.0,44f0dceaf8610ae9b7253733c835d8129f60c6e1,2026-10-04 18:12:44+00:00
HF Space,SZLHOLDINGS/immune-lattice,SZLHOLDINGS,https://huggingface.co/spaces/SZLHOLDINGS/immune-lattice,False,False,docker,RUNNING,apache-2.0,62e614728e933dcc987595b02cb761c64007fdea,2026-10-05 13:21:07+00:00
HF Space,SZLHOLDINGS/immune,SZLHOLDINGS,https://huggingface.co/spaces/SZLHOLDINGS/immune,False,False,docker,RUNNING,apache-2.0,003b3762f7cf1a9cd34eab29b2cfe0ac903cc6e8,2026-09-29 16:09:52+00:00
HF Space,SZLHOLDINGS/ayllu,SZLHOLDINGS,https://huggingface.co/spaces/SZLHOLDINGS/ayllu,False,False,docker,RUNNING,apache-2.0,bd8d3409df37bd7332a5573d4f476862b22562b1,2026-10-05 12:51:51+00:00
HF Space,SZLHOLDINGS/yarqa,SZLHOLDINGS,https://huggingface.co/spaces/SZLHOLDINGS/yarqa,False,False,docker,RUNNING,apache-2.0,e463677bc88e75e7dbdd1b44dcb23aee5c333cb9,2026-10-02 02:29:57+00:00
HF Space,SZLHOLDINGS/szl-atelier,SZLHOLDINGS,https://huggingface.co/spaces/SZLHOLDINGS/szl-atelier,False,False,docker,RUNNING,apache-2.0,d3a54cbe4345140b9d3c986c98c8b3c86fbb031f,2026-10-05 12:51:55+00:00
HF Space,SZLHOLDINGS/holographic-unify,SZLHOLDINGS,https://huggingface.co/spaces/SZLHOLDINGS/holographic-unify,False,False,docker,RUNNING,apache-2.0,a1e74d636c79b573735ecc9768913227adfc0a5d,2026-10-05 12:51:37+00:00
HF Space,SZLHOLDINGS/szl-khipu,SZLHOLDINGS,https://huggingface.co/spaces/SZLHOLDINGS/szl-khipu,False,False,docker,RUNNING,apache-2.0,af36f4cd494c8731b1e6ec3af33957003a88f311,2026-10-05 13:26:28+00:00
HF Space,SZLHOLDINGS/llm-router-live,SZLHOLDINGS,https://huggingface.co/spaces/SZLHOLDINGS/llm-router-live,False,False,docker,RUNNING,apache-2.0,5c4ec00943123e159395a2f9c84fff66dbfb459f,2026-10-04 20:25:47+00:00
HF Space,SZLHOLDINGS/the-grid,SZLHOLDINGS,https://huggingface.co/spaces/SZLHOLDINGS/the-grid,False,False,docker,RUNNING,apache-2.0,9a094766b514568fc42e65d036fc70f79976c5e1,2026-09-30 01:28:35+00:00
HF Space,SZLHOLDINGS/szl-forge-lab,SZLHOLDINGS,https://huggingface.co/spaces/SZLHOLDINGS/szl-forge-lab,False,False,static,RUNNING,apache-2.0,116e16044f2d6697c72c45c7ebf5f353d9b5c8e1,2026-10-04 18:13:22+00:00
HF Space,SZLHOLDINGS/oac-system-health-lab,SZLHOLDINGS,https://huggingface.co/spaces/SZLHOLDINGS/oac-system-health-lab,False,False,docker,RUNNING,apache-2.0,392846cde80c7fba22b0ae0aaa3d1a17f5694527,2026-10-04 18:13:27+00:00
HF Space,SZLHOLDINGS/szl-bench-suite,SZLHOLDINGS,https://huggingface.co/spaces/SZLHOLDINGS/szl-bench-suite,False,False,static,RUNNING,Metadata unavailable,97acd8c474daa66535ad540ef8335ac00cd462ba,2026-10-02 01:34:07+00:00
HF Space,SZLHOLDINGS/szl-typesafe-triage,SZLHOLDINGS,https://huggingface.co/spaces/SZLHOLDINGS/szl-typesafe-triage,False,False,docker,RUNNING,apache-2.0,41c111440ce928a4f2c57d1e0eca0df148461973,2026-10-04 21:07:10+00:00
HF Space,SZLHOLDINGS/szl-foundation-confirmation,SZLHOLDINGS,https://huggingface.co/spaces/SZLHOLDINGS/szl-foundation-confirmation,False,False,docker,RUNNING,apache-2.0,2a0dc535956a2e7cf55947afa15752f46500d486,2026-10-04 18:14:43+00:00
HF Space,SZLHOLDINGS/szl-marketing-1.1,SZLHOLDINGS,https://huggingface.co/spaces/SZLHOLDINGS/szl-marketing-1.1,False,False,gradio,RUNNING,apache-2.0,dd3869d8b2a669ab3ebf93e8d0ee099c679a5734,2026-10-05 06:58:58+00:00
HF Space,SZLHOLDINGS/prove-it,SZLHOLDINGS,https://huggingface.co/spaces/SZLHOLDINGS/prove-it,False,False,static,RUNNING,apache-2.0,4c43d85d03bd42828b93cf45adb274f7e5213ec5,2026-09-30 20:11:15+00:00
HF Space,SZLHOLDINGS/gdw-frontier,SZLHOLDINGS,https://huggingface.co/spaces/SZLHOLDINGS/gdw-frontier,False,False,docker,RUNNING,apache-2.0,e296dad2966a19580b4dc206b32fb016a9715575,2026-09-30 20:38:29+00:00
HF Space,SZLHOLDINGS/szl-brand-campaign,SZLHOLDINGS,https://huggingface.co/spaces/SZLHOLDINGS/szl-brand-campaign,False,False,static,RUNNING,apache-2.0,003bed82d99c5c6870cf9c9e5f24a54293bf23e3,2026-10-05 06:58:58+00:00
HF Space,SZLHOLDINGS/foundation-confirmation-v2,SZLHOLDINGS,https://huggingface.co/spaces/SZLHOLDINGS/foundation-confirmation-v2,False,False,static,RUNNING,apache-2.0,0033e0220aa77f158cb392936fd25a5da8758285,2026-10-03 02:14:10+00:00
HF Space,SZLHOLDINGS/governed-receipt-verifier,SZLHOLDINGS,https://huggingface.co/spaces/SZLHOLDINGS/governed-receipt-verifier,False,False,static,RUNNING,apache-2.0,44ee94b034ed2aa0796fb00f9f7eeb6b7e22e7d4,2026-10-03 09:37:41+00:00
HF Space,SZLHOLDINGS/szl-seismic-review,SZLHOLDINGS,https://huggingface.co/spaces/SZLHOLDINGS/szl-seismic-review,False,False,docker,NO_APP_FILE,Metadata unavailable,0eb2afe6569013984c948855e6eb7327d3f4e201,2026-10-05 13:57:51+00:00
