name,id,owner,private,artifact_class,class_basis,library,pipeline,license,description,weight_file_count,numeric_archive_count,promotion,promotion_evidence_url,revision,observed_at_utc,source_url,revision_url,evidence_limit
brain-navigator-r2,SZLHOLDINGS/brain-navigator-r2,SZLHOLDINGS,false,Adapter / tensor weights,Adapter or tensor filenames are listed; base binding was not tested.,peft,text-generation,apache-2.0,brain-navigator-r2,2,,Promotion not established,,8f7d67af9c2f8315dc3a63afa9ebf23a3f60ca01,2026-10-02T21:26:56.885095+00:00,https://huggingface.co/SZLHOLDINGS/brain-navigator-r2,https://huggingface.co/SZLHOLDINGS/brain-navigator-r2/tree/8f7d67af9c2f8315dc3a63afa9ebf23a3f60ca01,"Public file list and card metadata only; weights, inference, training, evaluations, signatures, and runtime were not independently checked."
chaski,SZLHOLDINGS/chaski,SZLHOLDINGS,false,Adapter / tensor weights,Adapter or tensor filenames are listed; base binding was not tested.,transformers,text-generation,apache-2.0,chaski,3,1,Declared evaluation gate failed,,9b2c93e838bb6fa72733ee0199e9a8c80aba2a2d,2026-10-02T21:26:56.885095+00:00,https://huggingface.co/SZLHOLDINGS/chaski,https://huggingface.co/SZLHOLDINGS/chaski/tree/9b2c93e838bb6fa72733ee0199e9a8c80aba2a2d,"Public file list and card metadata only; weights, inference, training, evaluations, signatures, and runtime were not independently checked."
chaski-5050,SZLHOLDINGS/chaski-5050,SZLHOLDINGS,false,Adapter / tensor weights,Adapter or tensor filenames are listed; base binding was not tested.,peft,text-generation,apache-2.0,chaski-5050,3,1,Promotion withheld by card,,4a02db923cb7f5ec4c741cd4cabafc4e21e1991e,2026-10-02T21:26:56.885095+00:00,https://huggingface.co/SZLHOLDINGS/chaski-5050,https://huggingface.co/SZLHOLDINGS/chaski-5050/tree/4a02db923cb7f5ec4c741cd4cabafc4e21e1991e,"Public file list and card metadata only; weights, inference, training, evaluations, signatures, and runtime were not independently checked."
chaski-r2,SZLHOLDINGS/chaski-r2,SZLHOLDINGS,false,Adapter / tensor weights,Adapter or tensor filenames are listed; base binding was not tested.,peft,text-generation,apache-2.0,chaski-r2,3,1,Promotion withheld by card,,fa003918ba8cf7b85d751c7038e3c10e85c93057,2026-10-02T21:26:56.885095+00:00,https://huggingface.co/SZLHOLDINGS/chaski-r2,https://huggingface.co/SZLHOLDINGS/chaski-r2/tree/fa003918ba8cf7b85d751c7038e3c10e85c93057,"Public file list and card metadata only; weights, inference, training, evaluations, signatures, and runtime were not independently checked."
chaski-r4,SZLHOLDINGS/chaski-r4,SZLHOLDINGS,false,Adapter / tensor weights,Adapter or tensor filenames are listed; base binding was not tested.,peft,text-generation,apache-2.0,chaski-r4,1,,Promotion withheld by card,,34ea953fa62467c096998a47e788d89c4a166fa5,2026-10-02T21:26:56.885095+00:00,https://huggingface.co/SZLHOLDINGS/chaski-r4,https://huggingface.co/SZLHOLDINGS/chaski-r4/tree/34ea953fa62467c096998a47e788d89c4a166fa5,"Public file list and card metadata only; weights, inference, training, evaluations, signatures, and runtime were not independently checked."
KHIPU-R2,SZLHOLDINGS/KHIPU-R2,SZLHOLDINGS,false,Adapter / tensor weights,Adapter or tensor filenames are listed; base binding was not tested.,peft,text-generation,apache-2.0,KHIPU-R2,2,,Promotion withheld by card,,e4c5d6c00876ae02b78bfd720560a31b91ad1b76,2026-10-02T21:26:56.885095+00:00,https://huggingface.co/SZLHOLDINGS/KHIPU-R2,https://huggingface.co/SZLHOLDINGS/KHIPU-R2/tree/e4c5d6c00876ae02b78bfd720560a31b91ad1b76,"Public file list and card metadata only; weights, inference, training, evaluations, signatures, and runtime were not independently checked."
khipu-r3,SZLHOLDINGS/khipu-r3,SZLHOLDINGS,false,Adapter / tensor weights,Adapter or tensor filenames are listed; base binding was not tested.,peft,text-generation,apache-2.0,khipu-r3,2,,Promotion not established,,7e388efb6e332c8c28e94bdf266293baf437fb64,2026-10-02T21:26:56.885095+00:00,https://huggingface.co/SZLHOLDINGS/khipu-r3,https://huggingface.co/SZLHOLDINGS/khipu-r3/tree/7e388efb6e332c8c28e94bdf266293baf437fb64,"Public file list and card metadata only; weights, inference, training, evaluations, signatures, and runtime were not independently checked."
SZL-Forge-1.5B-ReceiptAgent,SZLHOLDINGS/SZL-Forge-1.5B-ReceiptAgent,SZLHOLDINGS,false,Adapter / tensor weights,Adapter or tensor filenames are listed; base binding was not tested.,transformers,text-generation,apache-2.0,SZL-Forge-1.5B-ReceiptAgent,2,,Promotion not established,,260c4fa5129fd3f609c85246cbea36e5218b986d,2026-10-02T21:26:56.885095+00:00,https://huggingface.co/SZLHOLDINGS/SZL-Forge-1.5B-ReceiptAgent,https://huggingface.co/SZLHOLDINGS/SZL-Forge-1.5B-ReceiptAgent/tree/260c4fa5129fd3f609c85246cbea36e5218b986d,"Public file list and card metadata only; weights, inference, training, evaluations, signatures, and runtime were not independently checked."
szl-receiptagent-qwen35-0.8b-v2,SZLHOLDINGS/szl-receiptagent-qwen35-0.8b-v2,SZLHOLDINGS,false,Adapter / tensor weights,Adapter or tensor filenames are listed; base binding was not tested.,peft,text-generation,apache-2.0,szl-receiptagent-qwen35-0.8b-v2,2,,Promotion not established,,9f71de39861898e752602a2332ef7ca1e0df87a7,2026-10-02T21:26:56.885095+00:00,https://huggingface.co/SZLHOLDINGS/szl-receiptagent-qwen35-0.8b-v2,https://huggingface.co/SZLHOLDINGS/szl-receiptagent-qwen35-0.8b-v2/tree/9f71de39861898e752602a2332ef7ca1e0df87a7,"Public file list and card metadata only; weights, inference, training, evaluations, signatures, and runtime were not independently checked."
szl-receiptagent-qwen35-0.8b-v3,SZLHOLDINGS/szl-receiptagent-qwen35-0.8b-v3,SZLHOLDINGS,false,Adapter / tensor weights,Adapter or tensor filenames are listed; base binding was not tested.,peft,text-generation,apache-2.0,szl-receiptagent-qwen35-0.8b-v3,2,,Promotion withheld by card,,f4b28d75e1bdbbbf299bb8f5beceb8f141f38baf,2026-10-02T21:26:56.885095+00:00,https://huggingface.co/SZLHOLDINGS/szl-receiptagent-qwen35-0.8b-v3,https://huggingface.co/SZLHOLDINGS/szl-receiptagent-qwen35-0.8b-v3/tree/f4b28d75e1bdbbbf299bb8f5beceb8f141f38baf,"Public file list and card metadata only; weights, inference, training, evaluations, signatures, and runtime were not independently checked."
szl-triage-qwen3.5-0.8b-lora,SZLHOLDINGS/szl-triage-qwen3.5-0.8b-lora,SZLHOLDINGS,false,Adapter / tensor weights,Adapter or tensor filenames are listed; base binding was not tested.,peft,text-generation,apache-2.0,szl-triage-qwen3.5-0.8b-lora,2,,Promotion not established,,5414c4abcbebe2b37638b47ca1257968c03b2255,2026-10-02T21:26:56.885095+00:00,https://huggingface.co/SZLHOLDINGS/szl-triage-qwen3.5-0.8b-lora,https://huggingface.co/SZLHOLDINGS/szl-triage-qwen3.5-0.8b-lora/tree/5414c4abcbebe2b37638b47ca1257968c03b2255,"Public file list and card metadata only; weights, inference, training, evaluations, signatures, and runtime were not independently checked."
szl-triage-qwen3.5-0.8b-lora-study5,SZLHOLDINGS/szl-triage-qwen3.5-0.8b-lora-study5,SZLHOLDINGS,false,Adapter / tensor weights,Adapter or tensor filenames are listed; base binding was not tested.,peft,text-generation,apache-2.0,Five-seed triage LoRA research artifact. The pinned public card states release BLOCKED 11/12 and NOT_PROMOTABLE.,32,,Release BLOCKED 11/12; NOT_PROMOTABLE (pinned card),https://huggingface.co/SZLHOLDINGS/szl-triage-qwen3.5-0.8b-lora-study5/blob/eb79a26a2934d5eaa667984720feacdcb90dcc28/README.md,eb79a26a2934d5eaa667984720feacdcb90dcc28,2026-10-02T21:26:56.885095+00:00,https://huggingface.co/SZLHOLDINGS/szl-triage-qwen3.5-0.8b-lora-study5,https://huggingface.co/SZLHOLDINGS/szl-triage-qwen3.5-0.8b-lora-study5/tree/eb79a26a2934d5eaa667984720feacdcb90dcc28,"Public file list and card metadata only; weights, inference, training, evaluations, signatures, and runtime were not independently checked. Release status is quoted from the pinned card, not independently replayed."
WILLAY,SZLHOLDINGS/WILLAY,SZLHOLDINGS,false,Adapter / tensor weights,Adapter or tensor filenames are listed; base binding was not tested.,peft,text-generation,apache-2.0,WILLAY,3,1,Promotion not established,,432646a22d37e6c43f9fa8580365d9f718cfea50,2026-10-02T21:26:56.885095+00:00,https://huggingface.co/SZLHOLDINGS/WILLAY,https://huggingface.co/SZLHOLDINGS/WILLAY/tree/432646a22d37e6c43f9fa8580365d9f718cfea50,"Public file list and card metadata only; weights, inference, training, evaluations, signatures, and runtime were not independently checked."
governed-inference-meter,SZLHOLDINGS/governed-inference-meter,SZLHOLDINGS,false,Kernel-tagged software,Hub metadata or tags mark this as a kernel; import was not tested.,kernels,Not declared,apache-2.0,governed-inference-meter,,,Promotion not established,,5049f8ec259a5356d5b8eeaf11b85d3e9c1fea74,2026-10-02T21:26:56.885095+00:00,https://huggingface.co/SZLHOLDINGS/governed-inference-meter,https://huggingface.co/SZLHOLDINGS/governed-inference-meter/tree/5049f8ec259a5356d5b8eeaf11b85d3e9c1fea74,"Public file list and card metadata only; weights, inference, training, evaluations, signatures, and runtime were not independently checked."
szl-block-kv,SZLHOLDINGS/szl-block-kv,SZLHOLDINGS,false,Kernel-tagged software,Hub metadata or tags mark this as a kernel; import was not tested.,kernels,Not declared,apache-2.0,szl-block-kv,,,Promotion not established,,b5e86e4038e630eda94e3bd83cee1c5729d6d826,2026-10-02T21:26:56.885095+00:00,https://huggingface.co/SZLHOLDINGS/szl-block-kv,https://huggingface.co/SZLHOLDINGS/szl-block-kv/tree/b5e86e4038e630eda94e3bd83cee1c5729d6d826,"Public file list and card metadata only; weights, inference, training, evaluations, signatures, and runtime were not independently checked."
szl-blocked,SZLHOLDINGS/szl-blocked,SZLHOLDINGS,false,Kernel-tagged software,Hub metadata or tags mark this as a kernel; import was not tested.,kernels,Not declared,apache-2.0,szl-blocked,,,Promotion not established,,74caaabb4a001fb3d2e8a346c1114008ad9c4f5d,2026-10-02T21:26:56.885095+00:00,https://huggingface.co/SZLHOLDINGS/szl-blocked,https://huggingface.co/SZLHOLDINGS/szl-blocked/tree/74caaabb4a001fb3d2e8a346c1114008ad9c4f5d,"Public file list and card metadata only; weights, inference, training, evaluations, signatures, and runtime were not independently checked."
szl-formulas,SZLHOLDINGS/szl-formulas,SZLHOLDINGS,false,Kernel-tagged software,Hub metadata or tags mark this as a kernel; import was not tested.,kernels,Not declared,apache-2.0,szl-formulas,,,Promotion not established,,355695fe22ec9361283cf19790166cf0d2093bcd,2026-10-02T21:26:56.885095+00:00,https://huggingface.co/SZLHOLDINGS/szl-formulas,https://huggingface.co/SZLHOLDINGS/szl-formulas/tree/355695fe22ec9361283cf19790166cf0d2093bcd,"Public file list and card metadata only; weights, inference, training, evaluations, signatures, and runtime were not independently checked."
szl-governed-norm,SZLHOLDINGS/szl-governed-norm,SZLHOLDINGS,false,Kernel-tagged software,Hub metadata or tags mark this as a kernel; import was not tested.,kernels,Not declared,apache-2.0,szl-governed-norm,,,Promotion not established,,5abbd073ff159385be1f4e51c9fee4613cf52513,2026-10-02T21:26:56.885095+00:00,https://huggingface.co/SZLHOLDINGS/szl-governed-norm,https://huggingface.co/SZLHOLDINGS/szl-governed-norm/tree/5abbd073ff159385be1f4e51c9fee4613cf52513,"Public file list and card metadata only; weights, inference, training, evaluations, signatures, and runtime were not independently checked."
szl-govsign,SZLHOLDINGS/szl-govsign,SZLHOLDINGS,false,Kernel-tagged software,Hub metadata or tags mark this as a kernel; import was not tested.,kernels,Not declared,apache-2.0,szl-govsign,,,Promotion not established,,52576849d074aa7d251219241fe12888b02f1edd,2026-10-02T21:26:56.885095+00:00,https://huggingface.co/SZLHOLDINGS/szl-govsign,https://huggingface.co/SZLHOLDINGS/szl-govsign/tree/52576849d074aa7d251219241fe12888b02f1edd,"Public file list and card metadata only; weights, inference, training, evaluations, signatures, and runtime were not independently checked."
szl-invariants,SZLHOLDINGS/szl-invariants,SZLHOLDINGS,false,Kernel-tagged software,Hub metadata or tags mark this as a kernel; import was not tested.,kernels,Not declared,apache-2.0,szl-invariants,,,Promotion not established,,11001d7f7451bf624489a61693cb9fa3bb0b9eea,2026-10-02T21:26:56.885095+00:00,https://huggingface.co/SZLHOLDINGS/szl-invariants,https://huggingface.co/SZLHOLDINGS/szl-invariants/tree/11001d7f7451bf624489a61693cb9fa3bb0b9eea,"Public file list and card metadata only; weights, inference, training, evaluations, signatures, and runtime were not independently checked."
szl-kernels,SZLHOLDINGS/szl-kernels,SZLHOLDINGS,false,Kernel-tagged software,Hub metadata or tags mark this as a kernel; import was not tested.,kernels,Not declared,apache-2.0,szl-kernels,,1,Promotion not established,,f67a26a8141b1436ee2d1de64fb202c493981a2d,2026-10-02T21:26:56.885095+00:00,https://huggingface.co/SZLHOLDINGS/szl-kernels,https://huggingface.co/SZLHOLDINGS/szl-kernels/tree/f67a26a8141b1436ee2d1de64fb202c493981a2d,"Public file list and card metadata only; weights, inference, training, evaluations, signatures, and runtime were not independently checked."
szl-khipu-kernels,SZLHOLDINGS/szl-khipu-kernels,SZLHOLDINGS,false,Kernel-tagged software,Hub metadata or tags mark this as a kernel; import was not tested.,kernels,Not declared,apache-2.0,szl-khipu-kernels,,,Promotion not established,,594bc58eb0f691f53f8493fa032be9ee8aab9ff3,2026-10-02T21:26:56.885095+00:00,https://huggingface.co/SZLHOLDINGS/szl-khipu-kernels,https://huggingface.co/SZLHOLDINGS/szl-khipu-kernels/tree/594bc58eb0f691f53f8493fa032be9ee8aab9ff3,"Public file list and card metadata only; weights, inference, training, evaluations, signatures, and runtime were not independently checked."
szl-lambda-gate,SZLHOLDINGS/szl-lambda-gate,SZLHOLDINGS,false,Kernel-tagged software,Hub metadata or tags mark this as a kernel; import was not tested.,kernels,Not declared,apache-2.0,szl-lambda-gate,,,Promotion not established,,24ad2368e6977e6e08b1b00aeb11c2cba46ffe3e,2026-10-02T21:26:56.885095+00:00,https://huggingface.co/SZLHOLDINGS/szl-lambda-gate,https://huggingface.co/SZLHOLDINGS/szl-lambda-gate/tree/24ad2368e6977e6e08b1b00aeb11c2cba46ffe3e,"Public file list and card metadata only; weights, inference, training, evaluations, signatures, and runtime were not independently checked."
szl-maskmod,SZLHOLDINGS/szl-maskmod,SZLHOLDINGS,false,Kernel-tagged software,Hub metadata or tags mark this as a kernel; import was not tested.,kernels,Not declared,apache-2.0,szl-maskmod,,,Promotion not established,,654a01aaaf86d06471f019cf2f84305703ccc260,2026-10-02T21:26:56.885095+00:00,https://huggingface.co/SZLHOLDINGS/szl-maskmod,https://huggingface.co/SZLHOLDINGS/szl-maskmod/tree/654a01aaaf86d06471f019cf2f84305703ccc260,"Public file list and card metadata only; weights, inference, training, evaluations, signatures, and runtime were not independently checked."
szl-ouroboros,SZLHOLDINGS/szl-ouroboros,SZLHOLDINGS,false,Kernel-tagged software,Hub metadata or tags mark this as a kernel; import was not tested.,kernels,Not declared,apache-2.0,szl-ouroboros,,,Promotion not established,,ea49dcae37ea15e155b77f837f21a668871c6673,2026-10-02T21:26:56.885095+00:00,https://huggingface.co/SZLHOLDINGS/szl-ouroboros,https://huggingface.co/SZLHOLDINGS/szl-ouroboros/tree/ea49dcae37ea15e155b77f837f21a668871c6673,"Public file list and card metadata only; weights, inference, training, evaluations, signatures, and runtime were not independently checked."
szl-provctl,SZLHOLDINGS/szl-provctl,SZLHOLDINGS,false,Kernel-tagged software,Hub metadata or tags mark this as a kernel; import was not tested.,kernels,Not declared,apache-2.0,szl-provctl,,,Promotion not established,,61a05e1bcc5526130ae82c8498319278d944cee2,2026-10-02T21:26:56.885095+00:00,https://huggingface.co/SZLHOLDINGS/szl-provctl,https://huggingface.co/SZLHOLDINGS/szl-provctl/tree/61a05e1bcc5526130ae82c8498319278d944cee2,"Public file list and card metadata only; weights, inference, training, evaluations, signatures, and runtime were not independently checked."
szl-receipt-attn,SZLHOLDINGS/szl-receipt-attn,SZLHOLDINGS,false,Kernel-tagged software,Hub metadata or tags mark this as a kernel; import was not tested.,kernels,Not declared,apache-2.0,szl-receipt-attn,,,Promotion not established,,e1383537e2dd74316a07fcbb683352af62dd24b0,2026-10-02T21:26:56.885095+00:00,https://huggingface.co/SZLHOLDINGS/szl-receipt-attn,https://huggingface.co/SZLHOLDINGS/szl-receipt-attn/tree/e1383537e2dd74316a07fcbb683352af62dd24b0,"Public file list and card metadata only; weights, inference, training, evaluations, signatures, and runtime were not independently checked."
YARQA-ATTN,SZLHOLDINGS/YARQA-ATTN,SZLHOLDINGS,false,Kernel-tagged software,Hub metadata or tags mark this as a kernel; import was not tested.,kernels,Not declared,apache-2.0,YARQA-ATTN,,1,Promotion not established,,d6aeb4f24655c07acc155eed7acade5ad249724f,2026-10-02T21:26:56.885095+00:00,https://huggingface.co/SZLHOLDINGS/YARQA-ATTN,https://huggingface.co/SZLHOLDINGS/YARQA-ATTN/tree/d6aeb4f24655c07acc155eed7acade5ad249724f,"Public file list and card metadata only; weights, inference, training, evaluations, signatures, and runtime were not independently checked."
a11oy-v19-substrate,SZLHOLDINGS/a11oy-v19-substrate,SZLHOLDINGS,false,Metadata or source,No weight filename was observed in the public listing.,Not declared,Not declared,apache-2.0,a11oy-v19-substrate,,,Promotion not established,,41a9a71d782adb6effd4a0af69dc684d5acded08,2026-10-02T21:26:56.885095+00:00,https://huggingface.co/SZLHOLDINGS/a11oy-v19-substrate,https://huggingface.co/SZLHOLDINGS/a11oy-v19-substrate/tree/41a9a71d782adb6effd4a0af69dc684d5acded08,"Public file list and card metadata only; weights, inference, training, evaluations, signatures, and runtime were not independently checked."
oac-clinical-transport-health-v1,SZLHOLDINGS/oac-clinical-transport-health-v1,SZLHOLDINGS,false,Metadata or source,No weight filename was observed in the public listing.,Not declared,Not declared,apache-2.0,oac-clinical-transport-health-v1,,,Promotion not established,,8a6cd25ed8121af4e99118cd874bb89f50cff981,2026-10-02T21:26:56.885095+00:00,https://huggingface.co/SZLHOLDINGS/oac-clinical-transport-health-v1,https://huggingface.co/SZLHOLDINGS/oac-clinical-transport-health-v1/tree/8a6cd25ed8121af4e99118cd874bb89f50cff981,"Public file list and card metadata only; weights, inference, training, evaluations, signatures, and runtime were not independently checked."
oac-system-health-v1,SZLHOLDINGS/oac-system-health-v1,SZLHOLDINGS,false,Metadata or source,No weight filename was observed in the public listing.,Not declared,Not declared,apache-2.0,oac-system-health-v1,,,Promotion not established,,dd7d109813abcd90c5250106dc2eabd2804e7ac3,2026-10-02T21:26:56.885095+00:00,https://huggingface.co/SZLHOLDINGS/oac-system-health-v1,https://huggingface.co/SZLHOLDINGS/oac-system-health-v1/tree/dd7d109813abcd90c5250106dc2eabd2804e7ac3,"Public file list and card metadata only; weights, inference, training, evaluations, signatures, and runtime were not independently checked."
szl-energy-attest,SZLHOLDINGS/szl-energy-attest,SZLHOLDINGS,false,Metadata or source,No weight filename was observed in the public listing.,Not declared,Not declared,apache-2.0,szl-energy-attest,,,Promotion not established,,9146d35730139f8b7797dc40b4d5be5547387f1b,2026-10-02T21:26:56.885095+00:00,https://huggingface.co/SZLHOLDINGS/szl-energy-attest,https://huggingface.co/SZLHOLDINGS/szl-energy-attest/tree/9146d35730139f8b7797dc40b4d5be5547387f1b,"Public file list and card metadata only; weights, inference, training, evaluations, signatures, and runtime were not independently checked."
szl-triage-linear-development-v1,SZLHOLDINGS/szl-triage-linear-development-v1,SZLHOLDINGS,false,Metadata or source,No weight filename was observed in the public listing.,Not declared,text-classification,apache-2.0,szl-triage-linear-development-v1,,,Promotion not established,,b6ec192000d38e6a29787410f8bc077266b62a22,2026-10-02T21:26:56.885095+00:00,https://huggingface.co/SZLHOLDINGS/szl-triage-linear-development-v1,https://huggingface.co/SZLHOLDINGS/szl-triage-linear-development-v1/tree/b6ec192000d38e6a29787410f8bc077266b62a22,"Public file list and card metadata only; weights, inference, training, evaluations, signatures, and runtime were not independently checked."
A11OY-MINI,SZLHOLDINGS/A11OY-MINI,SZLHOLDINGS,false,Model weights incl. GGUF,Weight filenames are listed; loading and inference were not tested.,llama.cpp,text-generation,apache-2.0,A11OY-MINI,5,,Promotion withheld by card,,7ea56236ea7988b3915b5ef07548cb2c3930a3cf,2026-10-02T21:26:56.885095+00:00,https://huggingface.co/SZLHOLDINGS/A11OY-MINI,https://huggingface.co/SZLHOLDINGS/A11OY-MINI/tree/7ea56236ea7988b3915b5ef07548cb2c3930a3cf,"Public file list and card metadata only; weights, inference, training, evaluations, signatures, and runtime were not independently checked."
SZL-Khipu-1.5B-abstain,SZLHOLDINGS/SZL-Khipu-1.5B-abstain,SZLHOLDINGS,false,Model weights incl. GGUF,Weight filenames are listed; loading and inference were not tested.,Not declared,Not declared,apache-2.0,SZL-Khipu-1.5B-abstain,2,,Promotion withheld by card,,942c02dd4e94f2cb7cfb0432a051c2db2219ee79,2026-10-02T21:26:56.885095+00:00,https://huggingface.co/SZLHOLDINGS/SZL-Khipu-1.5B-abstain,https://huggingface.co/SZLHOLDINGS/SZL-Khipu-1.5B-abstain/tree/942c02dd4e94f2cb7cfb0432a051c2db2219ee79,"Public file list and card metadata only; weights, inference, training, evaluations, signatures, and runtime were not independently checked."
SZL-Khipu-1.5B-GGUF,SZLHOLDINGS/SZL-Khipu-1.5B-GGUF,SZLHOLDINGS,false,Model weights incl. GGUF,Weight filenames are listed; loading and inference were not tested.,llama.cpp,text-generation,apache-2.0,SZL-Khipu-1.5B-GGUF,4,,Promotion not established,,ff97a2794f35e961d08d3545dcd3459a9a4ffdbe,2026-10-02T21:26:56.885095+00:00,https://huggingface.co/SZLHOLDINGS/SZL-Khipu-1.5B-GGUF,https://huggingface.co/SZLHOLDINGS/SZL-Khipu-1.5B-GGUF/tree/ff97a2794f35e961d08d3545dcd3459a9a4ffdbe,"Public file list and card metadata only; weights, inference, training, evaluations, signatures, and runtime were not independently checked."
MiniEmbed-Nano,SZLHOLDINGS/MiniEmbed-Nano,SZLHOLDINGS,false,Numeric archive,NumPy archive filenames are listed; contents and training were not checked.,numpy,Not declared,apache-2.0,MiniEmbed-Nano,,1,Promotion not established,,70557d12b91ca556939e559e540b70fb3c2c9e5b,2026-10-02T21:26:56.885095+00:00,https://huggingface.co/SZLHOLDINGS/MiniEmbed-Nano,https://huggingface.co/SZLHOLDINGS/MiniEmbed-Nano/tree/70557d12b91ca556939e559e540b70fb3c2c9e5b,"Public file list and card metadata only; weights, inference, training, evaluations, signatures, and runtime were not independently checked."
Moons-Nano,SZLHOLDINGS/Moons-Nano,SZLHOLDINGS,false,Numeric archive,NumPy archive filenames are listed; contents and training were not checked.,numpy,Not declared,apache-2.0,Moons-Nano,,1,Promotion not established,,4631d0fb54ad90423c3ae76f812ff4d0e80fbfdf,2026-10-02T21:26:56.885095+00:00,https://huggingface.co/SZLHOLDINGS/Moons-Nano,https://huggingface.co/SZLHOLDINGS/Moons-Nano/tree/4631d0fb54ad90423c3ae76f812ff4d0e80fbfdf,"Public file list and card metadata only; weights, inference, training, evaluations, signatures, and runtime were not independently checked."
ReceiptAgent-Nano,SZLHOLDINGS/ReceiptAgent-Nano,SZLHOLDINGS,false,Numeric archive,NumPy archive filenames are listed; contents and training were not checked.,numpy,Not declared,apache-2.0,ReceiptAgent-Nano,,1,Promotion not established,,c139299d88d25d34d2ae53b95399b872d9f47a73,2026-10-02T21:26:56.885095+00:00,https://huggingface.co/SZLHOLDINGS/ReceiptAgent-Nano,https://huggingface.co/SZLHOLDINGS/ReceiptAgent-Nano/tree/c139299d88d25d34d2ae53b95399b872d9f47a73,"Public file list and card metadata only; weights, inference, training, evaluations, signatures, and runtime were not independently checked."
szl-khipu,SZLHOLDINGS/szl-khipu,SZLHOLDINGS,false,Numeric archive,NumPy archive filenames are listed; contents and training were not checked.,numpy,Not declared,apache-2.0,szl-khipu,,5,Promotion not established,,ee635354cb0b3d71965b17a227a374e40071e110,2026-10-02T21:26:56.885095+00:00,https://huggingface.co/SZLHOLDINGS/szl-khipu,https://huggingface.co/SZLHOLDINGS/szl-khipu/tree/ee635354cb0b3d71965b17a227a374e40071e110,"Public file list and card metadata only; weights, inference, training, evaluations, signatures, and runtime were not independently checked."
TinyKhipu-Nano,SZLHOLDINGS/TinyKhipu-Nano,SZLHOLDINGS,false,Numeric archive,NumPy archive filenames are listed; contents and training were not checked.,numpy,Not declared,apache-2.0,TinyKhipu-Nano,,1,Promotion not established,,b89f5c50ef09d21c695e7a97e73161572daabc39,2026-10-02T21:26:56.885095+00:00,https://huggingface.co/SZLHOLDINGS/TinyKhipu-Nano,https://huggingface.co/SZLHOLDINGS/TinyKhipu-Nano/tree/b89f5c50ef09d21c695e7a97e73161572daabc39,"Public file list and card metadata only; weights, inference, training, evaluations, signatures, and runtime were not independently checked."
szl-nemo,SZLHOLDINGS/szl-nemo,SZLHOLDINGS,false,Rule-check surrogate software,Pinned Hub metadata says not-a-checkpoint and lists rules.py; execution was not tested.,Not declared,Not declared,apache-2.0,szl-nemo,,,Promotion not established,,56c429886bf5ea98826bf99b27313626d70f01cc,2026-10-02T21:26:56.885095+00:00,https://huggingface.co/SZLHOLDINGS/szl-nemo,https://huggingface.co/SZLHOLDINGS/szl-nemo/tree/56c429886bf5ea98826bf99b27313626d70f01cc,"Public file list and card metadata only; weights, inference, training, evaluations, signatures, and runtime were not independently checked."
SZL-Khipu-1.5B,SZLHOLDINGS/SZL-Khipu-1.5B,SZLHOLDINGS,false,Tensor and adapter files,Pinned listing includes model.safetensors and adapter/adapter_model.safetensors; neither was loaded.,transformers,text-generation,apache-2.0,SZL-Khipu-1.5B,2,,Promotion withheld by card,,445c3abe52bd32e067c74806dff7cc5aca7fe826,2026-10-02T21:26:56.885095+00:00,https://huggingface.co/SZLHOLDINGS/SZL-Khipu-1.5B,https://huggingface.co/SZLHOLDINGS/SZL-Khipu-1.5B/tree/445c3abe52bd32e067c74806dff7cc5aca7fe826,"Public file list and card metadata only; weights, inference, training, evaluations, signatures, and runtime were not independently checked."
szl-receiptagent-qwen35-0.8b-v2-merged,SZLHOLDINGS/szl-receiptagent-qwen35-0.8b-v2-merged,SZLHOLDINGS,false,Tensor weight files,Weight filenames are listed; loading and inference were not tested.,transformers,text-generation,apache-2.0,szl-receiptagent-qwen35-0.8b-v2-merged,1,,Promotion withheld by card,,0ef9ed208b66c258e1d11e9112f0721c3b5c7565,2026-10-02T21:26:56.885095+00:00,https://huggingface.co/SZLHOLDINGS/szl-receiptagent-qwen35-0.8b-v2-merged,https://huggingface.co/SZLHOLDINGS/szl-receiptagent-qwen35-0.8b-v2-merged/tree/0ef9ed208b66c258e1d11e9112f0721c3b5c7565,"Public file list and card metadata only; weights, inference, training, evaluations, signatures, and runtime were not independently checked."
szl-training-scripts,SZLHOLDINGS/szl-training-scripts,SZLHOLDINGS,false,Training recipe,Training source filenames are listed; training was not run.,other,Not declared,apache-2.0,szl-training-scripts,,,Promotion withheld by card,,923bc096c1e9f93daece720315c078ef5020fe68,2026-10-02T21:26:56.885095+00:00,https://huggingface.co/SZLHOLDINGS/szl-training-scripts,https://huggingface.co/SZLHOLDINGS/szl-training-scripts/tree/923bc096c1e9f93daece720315c078ef5020fe68,"Public file list and card metadata only; weights, inference, training, evaluations, signatures, and runtime were not independently checked."
szl-triage-retrain,SZLHOLDINGS/szl-triage-retrain,SZLHOLDINGS,false,Training recipe,Training source filenames are listed; training was not run.,Not declared,Not declared,apache-2.0,szl-triage-retrain,,,Promotion not established,,c078b86bafd81ddf055c3af775ed8b43398164c5,2026-10-02T21:26:56.885095+00:00,https://huggingface.co/SZLHOLDINGS/szl-triage-retrain,https://huggingface.co/SZLHOLDINGS/szl-triage-retrain/tree/c078b86bafd81ddf055c3af775ed8b43398164c5,"Public file list and card metadata only; weights, inference, training, evaluations, signatures, and runtime were not independently checked."
