ordinal,callable,code_revision,code_path,code_line,code_url,source_statement,source_reported_proof_status,input_conditions_observed,locked_f_id_verified,proof_to_code_mapping,related_formal_status,related_lean_url,source_test_reference,scope_or_gap
1,lambda_aggregate,4eb866bf78da5fa639b8f23d213756d80ba38534,torch-ext/szl_formulas/_formulas.py,129,https://github.com/szl-holdings/szl-formulas/blob/4eb866bf78da5fa639b8f23d213756d80ba38534/torch-ext/szl_formulas/_formulas.py#L129,"Λ_w(x) = ∏ xᵢ^{wᵢ}, Σwᵢ = 1, xᵢ ∈ [0,1] (weighted geometric mean).",PROVEN(A1-A4); uniqueness CONJECTURE,"Finite axes in [0,1]; positive weights summing to 1 within 1e-12; nonempty.",,UNVERIFIED,CONDITIONAL_RELATED_FORMALIZATION,https://github.com/szl-holdings/lutar-lean/blob/3b0b589ea332fe962afff13328d9675b525e1819/Lutar/Round13/LambdaSeparable.lean#L85; Lutar/Round13/Lambda_Uniqueness.lean#L188,tests/test_formulas.py; tests/test_lambda_v1_conformance.py,Related Lean Λ and conditional separability theorem; Python float refinement is unverified. Unconditional A1-A5 uniqueness is refuted in Lean.
2,lambda_homogeneous,4eb866bf78da5fa639b8f23d213756d80ba38534,torch-ext/szl_formulas/_formulas.py,156,https://github.com/szl-holdings/szl-formulas/blob/4eb866bf78da5fa639b8f23d213756d80ba38534/torch-ext/szl_formulas/_formulas.py#L156,A2 IsHomogeneous: True iff Λ(c·x) == c·Λ(x) within ε. PROOF-STATUS: AXIOM(A2).,AXIOM(A2),"c >= 0 and c*x remains in the valid [0,1] domain.",,UNVERIFIED,NAMED_LEAN_PROPERTY_NO_REFINEMENT,https://github.com/szl-holdings/lutar-lean/blob/3b0b589ea332fe962afff13328d9675b525e1819/Lutar/Axioms.lean#L93,tests/test_lambda_v1_conformance.py,"Registry says AXIOM(A2); this callable checks one approximate instance, not a universal theorem."
3,lambda_bounded,4eb866bf78da5fa639b8f23d213756d80ba38534,torch-ext/szl_formulas/_formulas.py,167,https://github.com/szl-holdings/szl-formulas/blob/4eb866bf78da5fa639b8f23d213756d80ba38534/torch-ext/szl_formulas/_formulas.py#L167,A4 IsBounded: True iff Λ(x) <= max(x) within ε. PROOF-STATUS: PROVEN(Bound.lean).,"PROVEN(A4, Bound.lean)","Nonempty valid axis list in [0,1].",,UNVERIFIED,NAMED_LEAN_PROPERTY_NO_REFINEMENT,https://github.com/szl-holdings/lutar-lean/blob/3b0b589ea332fe962afff13328d9675b525e1819/Lutar/Axioms.lean#L111,tests/test_formulas.py; tests/test_lambda_v1_conformance.py,Returns a tolerance-based Boolean for the supplied vector; Lean-to-float refinement is unverified.
4,pac_bayes_mcallester,4eb866bf78da5fa639b8f23d213756d80ba38534,torch-ext/szl_formulas/_formulas.py,173,https://github.com/szl-holdings/szl-formulas/blob/4eb866bf78da5fa639b8f23d213756d80ba38534/torch-ext/szl_formulas/_formulas.py#L173,R(Q) ≤ R̂(Q) + sqrt((KL + ln(2√n/δ)) / 2n). PROOF-STATUS: SORRY(PACBayes).,SORRY(PACBayes),n > 0; 0 < delta < 1; KL >= 0. Empirical risk range is not checked.,,UNVERIFIED,NO_SPECIFIC_FORMAL_LINK_IDENTIFIED,,NO_DIRECT_ASSERTION_FOUND,Computes a bound expression; PAC-Bayes proof obligation is marked SORRY.
5,bekenstein_cascade,4eb866bf78da5fa639b8f23d213756d80ba38534,torch-ext/szl_formulas/_formulas.py,186,https://github.com/szl-holdings/szl-formulas/blob/4eb866bf78da5fa639b8f23d213756d80ba38534/torch-ext/szl_formulas/_formulas.py#L186,S_max = (2π R E)/(ℏ c). PROOF-STATUS: PROVEN(TH6 DPI form); dimensional helper.,PROVEN(TH6 DPI form); dimensional helper,R and E >= 0; physical units are not checked.,,UNVERIFIED,NON_EQUIVALENT_LOCKED_TOPIC,,NO_DIRECT_ASSERTION_FOUND,"Lean locked F19 is Nat addition monotonicity, not this entropy expression."
6,reidemeister_invariant,4eb866bf78da5fa639b8f23d213756d80ba38534,torch-ext/szl_formulas/_formulas.py,196,https://github.com/szl-holdings/szl-formulas/blob/4eb866bf78da5fa639b8f23d213756d80ba38534/torch-ext/szl_formulas/_formulas.py#L196,Apply a Reidemeister move to a braid word. PROOF-STATUS: AXIOM(r1/r2/audit).,AXIOM(r1/r2/audit_reidemeister_invariance),Braid word is not validated; any move other than R1/R2 falls through the R3 branch.,,UNVERIFIED,NO_SPECIFIC_FORMAL_LINK_IDENTIFIED,,NO_DIRECT_ASSERTION_FOUND,Axiom-gated source label; knot equivalence is not established by this string rewrite.
7,khipu_merkle_root,4eb866bf78da5fa639b8f23d213756d80ba38534,torch-ext/szl_formulas/_formulas.py,221,https://github.com/szl-holdings/szl-formulas/blob/4eb866bf78da5fa639b8f23d213756d80ba38534/torch-ext/szl_formulas/_formulas.py#L221,Khipu summation-invariant Merkle DAG root. PROOF-STATUS: PROVEN(TH11).,PROVEN(TH11 SummationInvariant),Receipt decision_id and int-convertible value; hashes sorted leaves and includes total.,,UNVERIFIED,NON_EQUIVALENT_LOCKED_TOPIC,,NO_DIRECT_ASSERTION_FOUND,"Lean locked F4/F22 concern a Nat DAG/backward edges and append-only sequence, not this byte hash function."
8,dsse_envelope,4eb866bf78da5fa639b8f23d213756d80ba38534,torch-ext/szl_formulas/_formulas.py,240,https://github.com/szl-holdings/szl-formulas/blob/4eb866bf78da5fa639b8f23d213756d80ba38534/torch-ext/szl_formulas/_formulas.py#L240,DSSE envelope with a PLACEHOLDER signature (Sigstore not wired — honest).,PROVEN(structure); signature PLACEHOLDER,Payload bytes and signer label; signature field is a SHA-256 PLACEHOLDER.,,UNVERIFIED,NO_SPECIFIC_FORMAL_LINK_IDENTIFIED,,NO_DIRECT_ASSERTION_FOUND,Envelope construction does not create or verify a cryptographic signature.
9,gleason_quantum_lambda,4eb866bf78da5fa639b8f23d213756d80ba38534,torch-ext/szl_formulas/_formulas.py,253,https://github.com/szl-holdings/szl-formulas/blob/4eb866bf78da5fa639b8f23d213756d80ba38534/torch-ext/szl_formulas/_formulas.py#L253,"Quantum-axis purity Tr(ρ²) ∈ (0,1]. PROOF-STATUS: AXIOM(gleason_length_mod_8).",AXIOM(gleason_length_mod_8),"Square numeric matrix; density-matrix PSD, Hermiticity and trace-one are not checked.",,UNVERIFIED,NO_SPECIFIC_FORMAL_LINK_IDENTIFIED,,NO_DIRECT_ASSERTION_FOUND,Returns trace(rho^2); claimed purity range is conditional on a valid density matrix.
10,hoeffding_tail,4eb866bf78da5fa639b8f23d213756d80ba38534,torch-ext/szl_formulas/_formulas.py,263,https://github.com/szl-holdings/szl-formulas/blob/4eb866bf78da5fa639b8f23d213756d80ba38534/torch-ext/szl_formulas/_formulas.py#L263,P(|X̄ − E[X̄]| ≥ t) ≤ 2 exp(−2 n t²). PROOF-STATUS: PROVEN(MomentSubGaussian).,PROVEN(MomentSubGaussian),n > 0; t >= 0; independence/boundedness assumptions are not checked.,,UNVERIFIED,NO_SPECIFIC_FORMAL_LINK_IDENTIFIED,,tests/test_formulas.py,Computes a capped expression; no sampled probability or statistical coverage check.
11,pinsker_kl_bound,4eb866bf78da5fa639b8f23d213756d80ba38534,torch-ext/szl_formulas/_formulas.py,273,https://github.com/szl-holdings/szl-formulas/blob/4eb866bf78da5fa639b8f23d213756d80ba38534/torch-ext/szl_formulas/_formulas.py#L273,"KL(p||q) ≥ 2·TV(p,q)² (returns the RHS). PROOF-STATUS: AXIOM(pinsker).",AXIOM(pinsker),Equal lengths and approximate unit sums; nonnegative entries are not checked.,,UNVERIFIED,NO_SPECIFIC_FORMAL_LINK_IDENTIFIED,,NO_DIRECT_ASSERTION_FOUND,"Returns 2*TV^2, not KL; Lean source label remains AXIOM(pinsker)."
12,fisher_rao_distance,4eb866bf78da5fa639b8f23d213756d80ba38534,torch-ext/szl_formulas/_formulas.py,284,https://github.com/szl-holdings/szl-formulas/blob/4eb866bf78da5fa639b8f23d213756d80ba38534/torch-ext/szl_formulas/_formulas.py#L284,"d_FR(p,q) = 2·arccos(Σ √(pᵢqᵢ)). PROOF-STATUS: PROVEN(closed-form).",PROVEN(closed-form),Equal lengths and approximate unit sums; negative entries are clamped inside sqrt.,,UNVERIFIED,NO_SPECIFIC_FORMAL_LINK_IDENTIFIED,,NO_DIRECT_ASSERTION_FOUND,Closed-form label is a reported obligation; simplex membership is not fully enforced.
13,bohr_complementarity_floor,4eb866bf78da5fa639b8f23d213756d80ba38534,torch-ext/szl_formulas/_formulas.py,296,https://github.com/szl-holdings/szl-formulas/blob/4eb866bf78da5fa639b8f23d213756d80ba38534/torch-ext/szl_formulas/_formulas.py#L296,True iff σ_A·σ_B ≥ 0.25. PROOF-STATUS: PROVEN(inequality).,PROVEN(inequality),Nonnegative sigma_A and sigma_B.,,UNVERIFIED,NO_SPECIFIC_FORMAL_LINK_IDENTIFIED,,NO_DIRECT_ASSERTION_FOUND,Checks a numeric threshold with EPS; no operator/commutator hypotheses are represented.
14,kochen_specker_18vector_witness,4eb866bf78da5fa639b8f23d213756d80ba38534,torch-ext/szl_formulas/_formulas.py,304,https://github.com/szl-holdings/szl-formulas/blob/4eb866bf78da5fa639b8f23d213756d80ba38534/torch-ext/szl_formulas/_formulas.py#L304,Cabello KS-18 parity-obstruction witness. PROOF-STATUS: AXIOM(KS-18 scaffold).,AXIOM(KS-18 scaffold),Rows int-convertible; every row sums to one and context count is odd.,,UNVERIFIED,NO_SPECIFIC_FORMAL_LINK_IDENTIFIED,,NO_DIRECT_ASSERTION_FOUND,No 18-vector construction or orthogonality validation; status is AXIOM(KS-18 scaffold).
15,two_witness_ks18_soundness,4eb866bf78da5fa639b8f23d213756d80ba38534,torch-ext/szl_formulas/_formulas.py,313,https://github.com/szl-holdings/szl-formulas/blob/4eb866bf78da5fa639b8f23d213756d80ba38534/torch-ext/szl_formulas/_formulas.py#L313,Sound iff TWO independent KS-18 witnesses fire. PROOF-STATUS: SORRY(TwoWitness).,SORRY(TwoWitness),Two Boolean-like inputs.,,UNVERIFIED,NO_SPECIFIC_FORMAL_LINK_IDENTIFIED,,NO_DIRECT_ASSERTION_FOUND,Returns w1 and w2; independence and soundness are not checked; status is SORRY.
16,shor_codeword_distance,4eb866bf78da5fa639b8f23d213756d80ba38534,torch-ext/szl_formulas/_formulas.py,319,https://github.com/szl-holdings/szl-formulas/blob/4eb866bf78da5fa639b8f23d213756d80ba38534/torch-ext/szl_formulas/_formulas.py#L319,Minimum non-zero Hamming weight (= code distance). PROOF-STATUS: PROVEN(Hamming).,PROVEN(Hamming),Iterable of bit-like rows; converts values to int and uses bit & 1.,,UNVERIFIED,NO_SPECIFIC_FORMAL_LINK_IDENTIFIED,,NO_DIRECT_ASSERTION_FOUND,Minimum supplied nonzero row weight equals code distance only if a suitable full codeword set is supplied.
17,css_ingress_verify,4eb866bf78da5fa639b8f23d213756d80ba38534,torch-ext/szl_formulas/_formulas.py,328,https://github.com/szl-holdings/szl-formulas/blob/4eb866bf78da5fa639b8f23d213756d80ba38534/torch-ext/szl_formulas/_formulas.py#L328,Binds a DSSE envelope to a CSS transparency root (4-byte prefix commit).,PROVEN(structure),Envelope payload hex and root bytes; compares only first four digest bytes.,,UNVERIFIED,NO_SPECIFIC_FORMAL_LINK_IDENTIFIED,,NO_DIRECT_ASSERTION_FOUND,Does not verify DSSE signature or complete transparency-root binding.
18,kitaev_surface_correct,4eb866bf78da5fa639b8f23d213756d80ba38534,torch-ext/szl_formulas/_formulas.py,337,https://github.com/szl-holdings/szl-formulas/blob/4eb866bf78da5fa639b8f23d213756d80ba38534/torch-ext/szl_formulas/_formulas.py#L337,Minimal surface-code correction (exact for weight-≤1). PROOF-STATUS: AXIOM(QEC surface).,AXIOM(QEC surface scaffold),Syndrome values int-convertible.,,UNVERIFIED,NO_SPECIFIC_FORMAL_LINK_IDENTIFIED,,NO_DIRECT_ASSERTION_FOUND,Returns parity bits; no surface-code syndrome decoding proof; status AXIOM.
19,reed_solomon_singleton,4eb866bf78da5fa639b8f23d213756d80ba38534,torch-ext/szl_formulas/_formulas.py,343,https://github.com/szl-holdings/szl-formulas/blob/4eb866bf78da5fa639b8f23d213756d80ba38534/torch-ext/szl_formulas/_formulas.py#L343,"Singleton bound: max min-distance of an [n,k] code = n − k + 1.",PROVEN(Singleton bound),Integers satisfying 0 < k <= n.,,UNVERIFIED,NON_EQUIVALENT_LOCKED_TOPIC,,tests/test_formulas.py,"Returns n-k+1; locked F18 proves RS(10,6) parity arithmetic, not this general code-bound implementation."
20,madhava_series,4eb866bf78da5fa639b8f23d213756d80ba38534,torch-ext/szl_formulas/_formulas.py,352,https://github.com/szl-holdings/szl-formulas/blob/4eb866bf78da5fa639b8f23d213756d80ba38534/torch-ext/szl_formulas/_formulas.py#L352,"atan(x) = Σ (−1)^m x^(2m+1)/(2m+1), |x| ≤ 1. PROOF-STATUS: PROVEN(alternating series).",PROVEN(alternating series),terms > 0; |x| <= 1.,,UNVERIFIED,NO_SPECIFIC_FORMAL_LINK_IDENTIFIED,,tests/test_formulas.py,"Returns a finite partial sum, not exact atan; source has a numerical pi approximation test."
21,schur_concave_lambda_two_axis,4eb866bf78da5fa639b8f23d213756d80ba38534,torch-ext/szl_formulas/_formulas.py,365,https://github.com/szl-holdings/szl-formulas/blob/4eb866bf78da5fa639b8f23d213756d80ba38534/torch-ext/szl_formulas/_formulas.py#L365,"Λ(m,m) ≥ Λ(x1,x2), m=(x1+x2)/2. PROOF-STATUS: AXIOM(n-axis); 2-axis PROVEN.",AXIOM(n-axis); 2-axis PROVEN,"Two valid axes in [0,1].",,UNVERIFIED,NO_SPECIFIC_FORMAL_LINK_IDENTIFIED,,tests/test_lambda_v1_conformance.py,Checks one two-axis inequality with EPS; n-axis statement remains AXIOM in source label.
